repeat,seed,fold,eval_split,model,feature_set,probability_mode,temperature,n,accuracy,balanced_accuracy,macro_f1,precision_1,precision_2,precision_3,recall_1,recall_2,recall_3,f1_1,f1_2,f1_3,brier_score,log_loss,ece_10,ordinal_mae,quadratic_weighted_kappa,ovr_auroc
1,20260606,0,test,frozen_embedding_logistic_sensitivity,image_embedding_plus_age_sex,raw,1.00000000,198,0.58080808,0.55105311,0.54906894,0.50000000,0.65137615,0.49090909,0.50000000,0.63392857,0.51923077,0.50000000,0.64253394,0.50467290,0.66277362,1.35512832,0.23707771,0.43939394,0.44503452,0.69867994
1,20260606,0,test,frozen_embedding_logistic_sensitivity,image_embedding_plus_age_sex,temperature_scaled,3.66672521,198,0.58080808,0.55105311,0.54906894,0.50000000,0.65137615,0.49090909,0.50000000,0.63392857,0.51923077,0.50000000,0.64253394,0.50467290,0.55686403,0.91224929,0.07609940,0.43939394,0.44503452,0.70294423
1,20260606,0,val,frozen_embedding_logistic_sensitivity,image_embedding_plus_age_sex,raw,1.00000000,198,0.54545455,0.48238526,0.48977711,0.47826087,0.61538462,0.43103448,0.32352941,0.64285714,0.48076923,0.38596491,0.62882096,0.45454545,0.71736357,1.39749909,0.29045681,0.47979798,0.34634975,0.68514883
1,20260606,0,val,frozen_embedding_logistic_sensitivity,image_embedding_plus_age_sex,temperature_scaled,3.66672521,198,0.54545455,0.48238526,0.48977711,0.47826087,0.61538462,0.43103448,0.32352941,0.64285714,0.48076923,0.38596491,0.62882096,0.45454545,0.55519651,0.90489056,0.07163667,0.47979798,0.34634975,0.69250697
1,20260606,1,test,frozen_embedding_logistic_sensitivity,image_embedding_plus_age_sex,raw,1.00000000,198,0.51010101,0.45468380,0.45707827,0.39285714,0.59821429,0.39655172,0.32352941,0.59821429,0.44230769,0.35483871,0.59821429,0.41818182,0.87002185,2.92150087,0.40828984,0.52525253,0.29148472,0.66234530
1,20260606,1,test,frozen_embedding_logistic_sensitivity,image_embedding_plus_age_sex,temperature_scaled,4.99996861,198,0.51010101,0.45468380,0.45707827,0.39285714,0.59821429,0.39655172,0.32352941,0.59821429,0.44230769,0.35483871,0.59821429,0.41818182,0.61910379,1.00658220,0.15125902,0.52525253,0.29148472,0.67017410
1,20260606,1,val,frozen_embedding_logistic_sensitivity,image_embedding_plus_age_sex,raw,1.00000000,198,0.58080808,0.53747845,0.53308988,0.36111111,0.66355140,0.56363636,0.38235294,0.63392857,0.59615385,0.37142857,0.64840183,0.57943925,0.75672808,2.57224355,0.33729891,0.44949495,0.41801991,0.68918260
1,20260606,1,val,frozen_embedding_logistic_sensitivity,image_embedding_plus_age_sex,temperature_scaled,4.99996861,198,0.58080808,0.53747845,0.53308988,0.36111111,0.66355140,0.56363636,0.38235294,0.63392857,0.59615385,0.37142857,0.64840183,0.57943925,0.58073314,0.98052475,0.10832695,0.44949495,0.41801991,0.69251318
1,20260606,2,test,frozen_embedding_logistic_sensitivity,image_embedding_plus_age_sex,raw,1.00000000,198,0.56565657,0.56264814,0.54327894,0.43181818,0.66666667,0.50000000,0.55882353,0.57142857,0.55769231,0.48717949,0.61538462,0.52727273,0.56715276,0.95257088,0.11355142,0.46464646,0.43921569,0.72823647
1,20260606,2,test,frozen_embedding_logistic_sensitivity,image_embedding_plus_age_sex,temperature_scaled,2.00153555,198,0.56565657,0.56264814,0.54327894,0.43181818,0.66666667,0.50000000,0.55882353,0.57142857,0.55769231,0.48717949,0.61538462,0.52727273,0.54932039,0.90286632,0.07490471,0.46464646,0.43921569,0.73090308
1,20260606,2,val,frozen_embedding_logistic_sensitivity,image_embedding_plus_age_sex,raw,1.00000000,197,0.59390863,0.59780579,0.57812123,0.54761905,0.69387755,0.45614035,0.67647059,0.60714286,0.50980392,0.60526316,0.64761905,0.48148148,0.58021834,1.02887159,0.10722850,0.43654822,0.45979070,0.70345448
1,20260606,2,val,frozen_embedding_logistic_sensitivity,image_embedding_plus_age_sex,temperature_scaled,2.00153555,197,0.59390863,0.59780579,0.57812123,0.54761905,0.69387755,0.45614035,0.67647059,0.60714286,0.50980392,0.60526316,0.64761905,0.48148148,0.56581680,0.94422159,0.11527070,0.43654822,0.45979070,0.70133785
1,20260606,3,test,frozen_embedding_logistic_sensitivity,image_embedding_plus_age_sex,raw,1.00000000,197,0.60406091,0.58298319,0.57764731,0.58333333,0.69158879,0.44444444,0.61764706,0.66071429,0.47058824,0.60000000,0.67579909,0.45714286,0.63161461,1.41166118,0.20250472,0.43147208,0.42406166,0.69326798
1,20260606,3,test,frozen_embedding_logistic_sensitivity,image_embedding_plus_age_sex,temperature_scaled,3.94685922,197,0.60406091,0.58298319,0.57764731,0.58333333,0.69158879,0.44444444,0.61764706,0.66071429,0.47058824,0.60000000,0.67579909,0.45714286,0.56292957,0.95316317,0.11362749,0.43147208,0.42406166,0.69502885
1,20260606,3,val,frozen_embedding_logistic_sensitivity,image_embedding_plus_age_sex,raw,1.00000000,197,0.55329949,0.52591036,0.51644802,0.40476190,0.64761905,0.48000000,0.50000000,0.60714286,0.47058824,0.44736842,0.62672811,0.47524752,0.71293574,1.43183964,0.25051335,0.48223350,0.37933925,0.66339864
1,20260606,3,val,frozen_embedding_logistic_sensitivity,image_embedding_plus_age_sex,temperature_scaled,3.94685922,197,0.55329949,0.52591036,0.51644802,0.40476190,0.64761905,0.48000000,0.50000000,0.60714286,0.47058824,0.44736842,0.62672811,0.47524752,0.58545903,0.96076694,0.09443681,0.48223350,0.37933925,0.67088990
1,20260606,4,test,frozen_embedding_logistic_sensitivity,image_embedding_plus_age_sex,raw,1.00000000,197,0.50253807,0.47508170,0.46213470,0.32000000,0.61764706,0.44444444,0.47058824,0.56250000,0.39215686,0.38095238,0.58878505,0.41666667,0.62617994,1.01171668,0.16457039,0.54822335,0.29228179,0.67650398
1,20260606,4,test,frozen_embedding_logistic_sensitivity,image_embedding_plus_age_sex,temperature_scaled,1.68304509,197,0.50253807,0.47508170,0.46213470,0.32000000,0.61764706,0.44444444,0.47058824,0.56250000,0.39215686,0.38095238,0.58878505,0.41666667,0.58168586,0.94109360,0.12148640,0.54822335,0.29228179,0.68100878
1,20260606,4,val,frozen_embedding_logistic_sensitivity,image_embedding_plus_age_sex,raw,1.00000000,198,0.56565657,0.51824768,0.51744277,0.44827586,0.66355140,0.45161290,0.38235294,0.63392857,0.53846154,0.41269841,0.64840183,0.49122807,0.57896921,0.94578905,0.12721209,0.47979798,0.33918129,0.70605352
1,20260606,4,val,frozen_embedding_logistic_sensitivity,image_embedding_plus_age_sex,temperature_scaled,1.68304509,198,0.56565657,0.51824768,0.51744277,0.44827586,0.66355140,0.45161290,0.38235294,0.63392857,0.53846154,0.41269841,0.64840183,0.49122807,0.55028416,0.89496767,0.06021483,0.47979798,0.33918129,0.70717921
2,20260607,0,test,frozen_embedding_logistic_sensitivity,image_embedding_plus_age_sex,raw,1.00000000,198,0.54545455,0.50634292,0.50266219,0.38235294,0.62616822,0.49122807,0.38235294,0.59821429,0.53846154,0.38235294,0.61187215,0.51376147,0.60158654,1.00373236,0.16513181,0.47979798,0.39242504,0.69701731
2,20260607,0,test,frozen_embedding_logistic_sensitivity,image_embedding_plus_age_sex,temperature_scaled,2.20064243,198,0.54545455,0.50634292,0.50266219,0.38235294,0.62616822,0.49122807,0.38235294,0.59821429,0.53846154,0.38235294,0.61187215,0.51376147,0.56213157,0.92169309,0.06885706,0.47979798,0.39242504,0.69806207
2,20260607,0,val,frozen_embedding_logistic_sensitivity,image_embedding_plus_age_sex,raw,1.00000000,198,0.52525253,0.48062109,0.48294372,0.46875000,0.61061947,0.37735849,0.44117647,0.61607143,0.38461538,0.45454545,0.61333333,0.38095238,0.61181624,1.06936743,0.16457569,0.51010101,0.31212616,0.67380660
2,20260607,0,val,frozen_embedding_logistic_sensitivity,image_embedding_plus_age_sex,temperature_scaled,2.20064243,198,0.52525253,0.48062109,0.48294372,0.46875000,0.61061947,0.37735849,0.44117647,0.61607143,0.38461538,0.45454545,0.61333333,0.38095238,0.57323330,0.95049576,0.05757759,0.51010101,0.31212616,0.67476254
2,20260607,1,test,frozen_embedding_logistic_sensitivity,image_embedding_plus_age_sex,raw,1.00000000,198,0.52525253,0.50449795,0.49437173,0.47500000,0.63461538,0.35185185,0.55882353,0.58928571,0.36538462,0.51351351,0.61111111,0.35849057,0.59977503,1.04652217,0.14771768,0.52525253,0.30122951,0.68858275
2,20260607,1,test,frozen_embedding_logistic_sensitivity,image_embedding_plus_age_sex,temperature_scaled,2.11503294,198,0.52525253,0.50449795,0.49437173,0.47500000,0.63461538,0.35185185,0.55882353,0.58928571,0.36538462,0.51351351,0.61111111,0.35849057,0.56754827,0.94687468,0.02758018,0.52525253,0.30122951,0.69002846
2,20260607,1,val,frozen_embedding_logistic_sensitivity,image_embedding_plus_age_sex,raw,1.00000000,198,0.51515152,0.47470911,0.47182996,0.35897436,0.59459459,0.45833333,0.41176471,0.58928571,0.42307692,0.38356164,0.59192825,0.44000000,0.62630176,1.04871231,0.18757839,0.51010101,0.35225464,0.66152122
2,20260607,1,val,frozen_embedding_logistic_sensitivity,image_embedding_plus_age_sex,temperature_scaled,2.11503294,198,0.51515152,0.47470911,0.47182996,0.35897436,0.59459459,0.45833333,0.41176471,0.58928571,0.42307692,0.38356164,0.59192825,0.44000000,0.57536271,0.94448914,0.07760737,0.51010101,0.35225464,0.66707435
2,20260607,2,test,frozen_embedding_logistic_sensitivity,image_embedding_plus_age_sex,raw,1.00000000,198,0.51010101,0.45460300,0.45457707,0.34210526,0.58974359,0.44186047,0.38235294,0.61607143,0.36538462,0.36111111,0.60262009,0.40000000,0.70921688,1.53604914,0.28215661,0.52020202,0.30760810,0.65274197
2,20260607,2,test,frozen_embedding_logistic_sensitivity,image_embedding_plus_age_sex,temperature_scaled,3.33999963,198,0.51010101,0.45460300,0.45457707,0.34210526,0.58974359,0.44186047,0.38235294,0.61607143,0.36538462,0.36111111,0.60262009,0.40000000,0.59150461,0.98118751,0.05554305,0.52020202,0.30760810,0.65204878
2,20260607,2,val,frozen_embedding_logistic_sensitivity,image_embedding_plus_age_sex,raw,1.00000000,197,0.55329949,0.52205882,0.51453072,0.42857143,0.63063063,0.47727273,0.52941176,0.62500000,0.41176471,0.47368421,0.62780269,0.44210526,0.66136514,1.27682618,0.23780675,0.47208122,0.39644249,0.68956309
2,20260607,2,val,frozen_embedding_logistic_sensitivity,image_embedding_plus_age_sex,temperature_scaled,3.33999963,197,0.55329949,0.52205882,0.51453072,0.42857143,0.63063063,0.47727273,0.52941176,0.62500000,0.41176471,0.47368421,0.62780269,0.44210526,0.55642790,0.91134385,0.07711562,0.47208122,0.39644249,0.69425685
2,20260607,3,test,frozen_embedding_logistic_sensitivity,image_embedding_plus_age_sex,raw,1.00000000,197,0.46700508,0.45751634,0.43869532,0.34693878,0.58947368,0.35849057,0.50000000,0.50000000,0.37254902,0.40963855,0.54106280,0.36538462,0.66274112,1.05625839,0.21170288,0.58375635,0.27539983,0.65819537
2,20260607,3,test,frozen_embedding_logistic_sensitivity,image_embedding_plus_age_sex,temperature_scaled,1.87709574,197,0.46700508,0.45751634,0.43869532,0.34693878,0.58947368,0.35849057,0.50000000,0.50000000,0.37254902,0.40963855,0.54106280,0.36538462,0.59599094,0.95988295,0.08827514,0.58375635,0.27539983,0.66017435
2,20260607,3,val,frozen_embedding_logistic_sensitivity,image_embedding_plus_age_sex,raw,1.00000000,197,0.55837563,0.59447946,0.55947444,0.54545455,0.69512195,0.40845070,0.70588235,0.50892857,0.56862745,0.61538462,0.58762887,0.47540984,0.59673457,0.99026882,0.14305383,0.47715736,0.44711813,0.72573011
2,20260607,3,val,frozen_embedding_logistic_sensitivity,image_embedding_plus_age_sex,temperature_scaled,1.87709574,197,0.55837563,0.59447946,0.55947444,0.54545455,0.69512195,0.40845070,0.70588235,0.50892857,0.56862745,0.61538462,0.58762887,0.47540984,0.56207780,0.91617165,0.06226919,0.47715736,0.44711813,0.72558886
2,20260607,4,test,frozen_embedding_logistic_sensitivity,image_embedding_plus_age_sex,raw,1.00000000,197,0.54314721,0.56833567,0.53476518,0.47826087,0.69512195,0.40579710,0.64705882,0.50892857,0.54901961,0.55000000,0.58762887,0.46666667,0.71169831,1.42860667,0.27089173,0.50761421,0.38785023,0.70590010
2,20260607,4,test,frozen_embedding_logistic_sensitivity,image_embedding_plus_age_sex,temperature_scaled,3.94407145,197,0.54314721,0.56833567,0.53476518,0.47826087,0.69512195,0.40579710,0.64705882,0.50892857,0.54901961,0.55000000,0.58762887,0.46666667,0.57058919,0.93454157,0.06069634,0.50761421,0.38785023,0.70958227
2,20260607,4,val,frozen_embedding_logistic_sensitivity,image_embedding_plus_age_sex,raw,1.00000000,198,0.50000000,0.45891241,0.45610043,0.37837838,0.59090909,0.39215686,0.41176471,0.58035714,0.38461538,0.39436620,0.58558559,0.38834951,0.73752583,1.43492771,0.30320859,0.53535354,0.30010604,0.67051309
2,20260607,4,val,frozen_embedding_logistic_sensitivity,image_embedding_plus_age_sex,temperature_scaled,3.94407145,198,0.50000000,0.45891241,0.45610043,0.37837838,0.59090909,0.39215686,0.41176471,0.58035714,0.38461538,0.39436620,0.58558559,0.38834951,0.57995015,0.94375870,0.05803800,0.53535354,0.30010604,0.67796982
3,20260608,0,test,frozen_embedding_logistic_sensitivity,image_embedding_plus_age_sex,raw,1.00000000,198,0.52525253,0.49431696,0.49115851,0.44444444,0.60550459,0.41509434,0.47058824,0.58928571,0.42307692,0.45714286,0.59728507,0.41904762,0.78401314,2.02227991,0.35221442,0.50000000,0.36594395,0.65899193
3,20260608,0,test,frozen_embedding_logistic_sensitivity,image_embedding_plus_age_sex,temperature_scaled,4.99997816,198,0.52525253,0.49431696,0.49115851,0.44444444,0.60550459,0.41509434,0.47058824,0.58928571,0.42307692,0.45714286,0.59728507,0.41904762,0.58309403,0.95868754,0.04967325,0.50000000,0.36594395,0.66664320
3,20260608,0,val,frozen_embedding_logistic_sensitivity,image_embedding_plus_age_sex,raw,1.00000000,198,0.46464646,0.41080855,0.41074537,0.33333333,0.56481481,0.34920635,0.26470588,0.54464286,0.42307692,0.29508197,0.55454545,0.38260870,0.87623273,2.25653715,0.39587073,0.57575758,0.23283262,0.62415014
3,20260608,0,val,frozen_embedding_logistic_sensitivity,image_embedding_plus_age_sex,temperature_scaled,4.99997816,198,0.46464646,0.41080855,0.41074537,0.33333333,0.56481481,0.34920635,0.26470588,0.54464286,0.42307692,0.29508197,0.55454545,0.38260870,0.61902933,1.01878069,0.09751444,0.57575758,0.23283262,0.63323236
3,20260608,1,test,frozen_embedding_logistic_sensitivity,image_embedding_plus_age_sex,raw,1.00000000,198,0.49494949,0.47302575,0.46160494,0.34782609,0.58653846,0.43750000,0.47058824,0.54464286,0.40384615,0.40000000,0.56481481,0.42000000,0.64905560,1.07516276,0.16881350,0.53535354,0.34311741,0.65630515
3,20260608,1,test,frozen_embedding_logistic_sensitivity,image_embedding_plus_age_sex,temperature_scaled,1.41171715,198,0.49494949,0.47302575,0.46160494,0.34782609,0.58653846,0.43750000,0.47058824,0.54464286,0.40384615,0.40000000,0.56481481,0.42000000,0.61400779,1.00142547,0.09554413,0.53535354,0.34311741,0.65705794
3,20260608,1,val,frozen_embedding_logistic_sensitivity,image_embedding_plus_age_sex,raw,1.00000000,198,0.58080808,0.55784044,0.54353584,0.44186047,0.71000000,0.45454545,0.55882353,0.63392857,0.48076923,0.49350649,0.66981132,0.46728972,0.53419402,0.87363279,0.09575974,0.48484848,0.32900000,0.75490178
3,20260608,1,val,frozen_embedding_logistic_sensitivity,image_embedding_plus_age_sex,temperature_scaled,1.41171715,198,0.58080808,0.55784044,0.54353584,0.44186047,0.71000000,0.45454545,0.55882353,0.63392857,0.48076923,0.49350649,0.66981132,0.46728972,0.52132437,0.85161593,0.05224473,0.48484848,0.32900000,0.75492481
3,20260608,2,test,frozen_embedding_logistic_sensitivity,image_embedding_plus_age_sex,raw,1.00000000,198,0.58080808,0.56810224,0.55298155,0.48780488,0.70408163,0.44067797,0.58823529,0.61607143,0.50000000,0.53333333,0.65714286,0.46846847,0.50363280,0.83330552,0.09339723,0.47474747,0.36517413,0.77985322
3,20260608,2,test,frozen_embedding_logistic_sensitivity,image_embedding_plus_age_sex,temperature_scaled,2.45753234,198,0.58080808,0.56810224,0.55298155,0.48780488,0.70408163,0.44067797,0.58823529,0.61607143,0.50000000,0.53333333,0.65714286,0.46846847,0.51634627,0.86073771,0.08368744,0.47474747,0.36517413,0.77749103
3,20260608,2,val,frozen_embedding_logistic_sensitivity,image_embedding_plus_age_sex,raw,1.00000000,197,0.55329949,0.50957049,0.50605757,0.42857143,0.64761905,0.45312500,0.35294118,0.60714286,0.56862745,0.38709677,0.62672811,0.50434783,0.62832115,1.10584967,0.16181334,0.48223350,0.36177738,0.67452210
3,20260608,2,val,frozen_embedding_logistic_sensitivity,image_embedding_plus_age_sex,temperature_scaled,2.45753234,197,0.55329949,0.50957049,0.50605757,0.42857143,0.64761905,0.45312500,0.35294118,0.60714286,0.56862745,0.38709677,0.62672811,0.50434783,0.57798507,0.95523195,0.07257934,0.48223350,0.36177738,0.67388617
3,20260608,3,test,frozen_embedding_logistic_sensitivity,image_embedding_plus_age_sex,raw,1.00000000,197,0.55329949,0.55141223,0.53281678,0.50000000,0.66292135,0.44871795,0.44117647,0.52678571,0.68627451,0.46875000,0.58706468,0.54263566,0.60643846,1.05293548,0.16813354,0.47208122,0.44238644,0.70858057
3,20260608,3,test,frozen_embedding_logistic_sensitivity,image_embedding_plus_age_sex,temperature_scaled,2.23554646,197,0.55329949,0.55141223,0.53281678,0.50000000,0.66292135,0.44871795,0.44117647,0.52678571,0.68627451,0.46875000,0.58706468,0.54263566,0.55791816,0.92322548,0.03866105,0.47208122,0.44238644,0.70919576
3,20260608,3,val,frozen_embedding_logistic_sensitivity,image_embedding_plus_age_sex,raw,1.00000000,197,0.52791878,0.47245565,0.47350430,0.44117647,0.61538462,0.36956522,0.44117647,0.64285714,0.33333333,0.44117647,0.62882096,0.35051546,0.63314063,1.06160427,0.16806715,0.51269036,0.28189550,0.66138672
3,20260608,3,val,frozen_embedding_logistic_sensitivity,image_embedding_plus_age_sex,temperature_scaled,2.23554646,197,0.52791878,0.47245565,0.47350430,0.44117647,0.61538462,0.36956522,0.44117647,0.64285714,0.33333333,0.44117647,0.62882096,0.35051546,0.58589444,0.94623357,0.07002469,0.51269036,0.28189550,0.66491890
3,20260608,4,test,frozen_embedding_logistic_sensitivity,image_embedding_plus_age_sex,raw,1.00000000,197,0.49238579,0.41777544,0.41924138,0.26470588,0.59482759,0.40425532,0.26470588,0.61607143,0.37254902,0.26470588,0.60526316,0.38775510,0.75693219,1.58030771,0.30108719,0.55837563,0.20613763,0.63150205
3,20260608,4,test,frozen_embedding_logistic_sensitivity,image_embedding_plus_age_sex,temperature_scaled,2.88086864,197,0.49238579,0.41777544,0.41924138,0.26470588,0.59482759,0.40425532,0.26470588,0.61607143,0.37254902,0.26470588,0.60526316,0.38775510,0.61967039,1.01573745,0.09586544,0.55837563,0.20613763,0.63437590
3,20260608,4,val,frozen_embedding_logistic_sensitivity,image_embedding_plus_age_sex,raw,1.00000000,198,0.61111111,0.57230392,0.57174427,0.52941176,0.69369369,0.49056604,0.52941176,0.68750000,0.50000000,0.52941176,0.69058296,0.49523810,0.59868030,1.18585004,0.19027176,0.42929293,0.40428954,0.71343411
3,20260608,4,val,frozen_embedding_logistic_sensitivity,image_embedding_plus_age_sex,temperature_scaled,2.88086864,198,0.61111111,0.57230392,0.57174427,0.52941176,0.69369369,0.49056604,0.52941176,0.68750000,0.50000000,0.52941176,0.69058296,0.49523810,0.53562626,0.88565843,0.08631470,0.42929293,0.40428954,0.71934168
1,20260606,0,test,frozen_embedding_logistic_sensitivity,image_embedding_plus_downstream_age_sex_upper_bound,raw,1.00000000,198,0.54545455,0.53704751,0.52641933,0.48648649,0.63000000,0.44262295,0.52941176,0.56250000,0.51923077,0.50704225,0.59433962,0.47787611,0.58154678,0.95942250,0.14027977,0.47474747,0.43218623,0.71091652
1,20260606,0,test,frozen_embedding_logistic_sensitivity,image_embedding_plus_downstream_age_sex_upper_bound,temperature_scaled,1.84762670,198,0.54545455,0.53704751,0.52641933,0.48648649,0.63000000,0.44262295,0.52941176,0.56250000,0.51923077,0.50704225,0.59433962,0.47787611,0.55052196,0.89827363,0.06709738,0.47474747,0.43218623,0.71213646
1,20260606,0,val,frozen_embedding_logistic_sensitivity,image_embedding_plus_downstream_age_sex_upper_bound,raw,1.00000000,198,0.54040404,0.51354773,0.51077848,0.48484848,0.62857143,0.41666667,0.47058824,0.58928571,0.48076923,0.47761194,0.60829493,0.44642857,0.60505509,0.97652573,0.17458459,0.48989899,0.37389034,0.69954513
1,20260606,0,val,frozen_embedding_logistic_sensitivity,image_embedding_plus_downstream_age_sex_upper_bound,temperature_scaled,1.84762670,198,0.54040404,0.51354773,0.51077848,0.48484848,0.62857143,0.41666667,0.47058824,0.58928571,0.48076923,0.47761194,0.60829493,0.44642857,0.55627938,0.90146421,0.04404465,0.48989899,0.37389034,0.70239762
1,20260606,1,test,frozen_embedding_logistic_sensitivity,image_embedding_plus_downstream_age_sex_upper_bound,raw,1.00000000,198,0.51515152,0.45422592,0.45977908,0.42307692,0.59482759,0.39285714,0.32352941,0.61607143,0.42307692,0.36666667,0.60526316,0.40740741,0.79644432,2.05982202,0.37436606,0.51515152,0.29865772,0.66926350
1,20260606,1,test,frozen_embedding_logistic_sensitivity,image_embedding_plus_downstream_age_sex_upper_bound,temperature_scaled,4.99996683,198,0.51515152,0.45422592,0.45977908,0.42307692,0.59482759,0.39285714,0.32352941,0.61607143,0.42307692,0.36666667,0.60526316,0.40740741,0.57631926,0.93355675,0.07923472,0.51515152,0.29865772,0.67874036
1,20260606,1,val,frozen_embedding_logistic_sensitivity,image_embedding_plus_downstream_age_sex_upper_bound,raw,1.00000000,198,0.56060606,0.51183743,0.51158964,0.36111111,0.63392857,0.54000000,0.38235294,0.63392857,0.51923077,0.37142857,0.63392857,0.52941176,0.71758123,1.95680864,0.31052980,0.46464646,0.39806867,0.69543055
1,20260606,1,val,frozen_embedding_logistic_sensitivity,image_embedding_plus_downstream_age_sex_upper_bound,temperature_scaled,4.99996683,198,0.56060606,0.51183743,0.51158964,0.36111111,0.63392857,0.54000000,0.38235294,0.63392857,0.51923077,0.37142857,0.63392857,0.52941176,0.56095127,0.93219911,0.07890055,0.46464646,0.39806867,0.69935542
1,20260606,2,test,frozen_embedding_logistic_sensitivity,image_embedding_plus_downstream_age_sex_upper_bound,raw,1.00000000,198,0.56060606,0.55623788,0.53779372,0.43181818,0.65979381,0.49122807,0.55882353,0.57142857,0.53846154,0.48717949,0.61244019,0.51376147,0.56853341,0.95355861,0.12819002,0.46969697,0.43131462,0.72814772
1,20260606,2,test,frozen_embedding_logistic_sensitivity,image_embedding_plus_downstream_age_sex_upper_bound,temperature_scaled,2.02814470,198,0.56060606,0.55623788,0.53779372,0.43181818,0.65979381,0.49122807,0.55882353,0.57142857,0.53846154,0.48717949,0.61244019,0.51376147,0.54989750,0.90384084,0.05761185,0.46969697,0.43131462,0.73029277
1,20260606,2,val,frozen_embedding_logistic_sensitivity,image_embedding_plus_downstream_age_sex_upper_bound,raw,1.00000000,197,0.59390863,0.59780579,0.57812123,0.54761905,0.69387755,0.45614035,0.67647059,0.60714286,0.50980392,0.60526316,0.64761905,0.48148148,0.58347794,1.03323895,0.11200568,0.43654822,0.45979070,0.70197551
1,20260606,2,val,frozen_embedding_logistic_sensitivity,image_embedding_plus_downstream_age_sex_upper_bound,temperature_scaled,2.02814470,197,0.59390863,0.59780579,0.57812123,0.54761905,0.69387755,0.45614035,0.67647059,0.60714286,0.50980392,0.60526316,0.64761905,0.48148148,0.56789247,0.94573789,0.12623864,0.43654822,0.45979070,0.70160353
1,20260606,3,test,frozen_embedding_logistic_sensitivity,image_embedding_plus_downstream_age_sex_upper_bound,raw,1.00000000,197,0.59898477,0.59751401,0.57829699,0.51162791,0.69696970,0.49090909,0.64705882,0.61607143,0.52941176,0.57142857,0.65402844,0.50943396,0.56536267,1.01051065,0.12746485,0.43147208,0.46387790,0.71675042
1,20260606,3,test,frozen_embedding_logistic_sensitivity,image_embedding_plus_downstream_age_sex_upper_bound,temperature_scaled,1.88667074,197,0.59898477,0.59751401,0.57829699,0.51162791,0.69696970,0.49090909,0.64705882,0.61607143,0.52941176,0.57142857,0.65402844,0.50943396,0.55184732,0.93351973,0.08444116,0.43147208,0.46387790,0.71617611
1,20260606,3,val,frozen_embedding_logistic_sensitivity,image_embedding_plus_downstream_age_sex_upper_bound,raw,1.00000000,197,0.54314721,0.52678571,0.51128602,0.35294118,0.64356436,0.53333333,0.52941176,0.58035714,0.47058824,0.42352941,0.61032864,0.50000000,0.61219721,1.00635723,0.16423154,0.49238579,0.39022894,0.69144296
1,20260606,3,val,frozen_embedding_logistic_sensitivity,image_embedding_plus_downstream_age_sex_upper_bound,temperature_scaled,1.88667074,197,0.54314721,0.52678571,0.51128602,0.35294118,0.64356436,0.53333333,0.52941176,0.58035714,0.47058824,0.42352941,0.61032864,0.50000000,0.57427290,0.93596101,0.06203807,0.49238579,0.39022894,0.69363101
1,20260606,4,test,frozen_embedding_logistic_sensitivity,image_embedding_plus_downstream_age_sex_upper_bound,raw,1.00000000,197,0.47715736,0.43971755,0.43203510,0.30232558,0.59803922,0.38461538,0.38235294,0.54464286,0.39215686,0.33766234,0.57009346,0.38834951,0.91902303,3.01628225,0.42393679,0.57868020,0.23786767,0.61649622
1,20260606,4,test,frozen_embedding_logistic_sensitivity,image_embedding_plus_downstream_age_sex_upper_bound,temperature_scaled,4.99996733,197,0.47715736,0.43971755,0.43203510,0.30232558,0.59803922,0.38461538,0.38235294,0.54464286,0.39215686,0.33766234,0.57009346,0.38834951,0.65492229,1.07724479,0.14802539,0.57868020,0.23786767,0.62254309
1,20260606,4,val,frozen_embedding_logistic_sensitivity,image_embedding_plus_downstream_age_sex_upper_bound,raw,1.00000000,198,0.57575758,0.52759373,0.52907360,0.48275862,0.66972477,0.45000000,0.41176471,0.65178571,0.51923077,0.44444444,0.66063348,0.48214286,0.78756991,2.72959858,0.35532679,0.46969697,0.34460548,0.67321994
1,20260606,4,val,frozen_embedding_logistic_sensitivity,image_embedding_plus_downstream_age_sex_upper_bound,temperature_scaled,4.99996733,198,0.57575758,0.52759373,0.52907360,0.48275862,0.66972477,0.45000000,0.41176471,0.65178571,0.51923077,0.44444444,0.66063348,0.48214286,0.59806336,0.99500484,0.13133998,0.46969697,0.34460548,0.67577069
2,20260607,0,test,frozen_embedding_logistic_sensitivity,image_embedding_plus_downstream_age_sex_upper_bound,raw,1.00000000,198,0.54545455,0.50634292,0.50266219,0.38235294,0.62616822,0.49122807,0.38235294,0.59821429,0.53846154,0.38235294,0.61187215,0.51376147,0.60200943,1.00477566,0.17073168,0.47979798,0.39242504,0.69597306
2,20260607,0,test,frozen_embedding_logistic_sensitivity,image_embedding_plus_downstream_age_sex_upper_bound,temperature_scaled,2.19191907,198,0.54545455,0.50634292,0.50266219,0.38235294,0.62616822,0.49122807,0.38235294,0.59821429,0.53846154,0.38235294,0.61187215,0.51376147,0.56237772,0.92183103,0.04792667,0.47979798,0.39242504,0.69868578
2,20260607,0,val,frozen_embedding_logistic_sensitivity,image_embedding_plus_downstream_age_sex_upper_bound,raw,1.00000000,198,0.53030303,0.48703135,0.48894777,0.46875000,0.61607143,0.38888889,0.44117647,0.61607143,0.40384615,0.45454545,0.61607143,0.39622642,0.60973014,1.06693767,0.15989499,0.50505051,0.32142857,0.67519265
2,20260607,0,val,frozen_embedding_logistic_sensitivity,image_embedding_plus_downstream_age_sex_upper_bound,temperature_scaled,2.19191907,198,0.53030303,0.48703135,0.48894777,0.46875000,0.61607143,0.38888889,0.44117647,0.61607143,0.40384615,0.45454545,0.61607143,0.39622642,0.57200065,0.94881209,0.04594406,0.50505051,0.32142857,0.67630947
2,20260607,1,test,frozen_embedding_logistic_sensitivity,image_embedding_plus_downstream_age_sex_upper_bound,raw,1.00000000,198,0.53030303,0.51090821,0.50330149,0.50000000,0.62857143,0.36363636,0.55882353,0.58928571,0.38461538,0.52777778,0.60829493,0.37383178,0.59958771,1.04591611,0.14291400,0.51010101,0.33488372,0.68802604
2,20260607,1,test,frozen_embedding_logistic_sensitivity,image_embedding_plus_downstream_age_sex_upper_bound,temperature_scaled,2.11664992,198,0.53030303,0.51090821,0.50330149,0.50000000,0.62857143,0.36363636,0.55882353,0.58928571,0.38461538,0.52777778,0.60829493,0.37383178,0.56758202,0.94658938,0.02572316,0.51010101,0.33488372,0.69075399
2,20260607,1,val,frozen_embedding_logistic_sensitivity,image_embedding_plus_downstream_age_sex_upper_bound,raw,1.00000000,198,0.51010101,0.47173292,0.46798799,0.35000000,0.59090909,0.45833333,0.41176471,0.58035714,0.42307692,0.37837838,0.58558559,0.44000000,0.62650511,1.04887816,0.18395783,0.51515152,0.35089568,0.66101840
2,20260607,1,val,frozen_embedding_logistic_sensitivity,image_embedding_plus_downstream_age_sex_upper_bound,temperature_scaled,2.11664992,198,0.51010101,0.47173292,0.46798799,0.35000000,0.59090909,0.45833333,0.41176471,0.58035714,0.42307692,0.37837838,0.58558559,0.44000000,0.57556721,0.94468606,0.08286416,0.51515152,0.35089568,0.66666252
2,20260607,2,test,frozen_embedding_logistic_sensitivity,image_embedding_plus_downstream_age_sex_upper_bound,raw,1.00000000,198,0.52020202,0.46742351,0.46756604,0.35135135,0.60000000,0.45652174,0.38235294,0.61607143,0.40384615,0.36619718,0.60792952,0.42857143,0.70467428,1.52494171,0.27164539,0.51010101,0.32482347,0.65455680
2,20260607,2,test,frozen_embedding_logistic_sensitivity,image_embedding_plus_downstream_age_sex_upper_bound,temperature_scaled,3.40377462,198,0.52020202,0.46742351,0.46756604,0.35135135,0.60000000,0.45652174,0.38235294,0.61607143,0.40384615,0.36619718,0.60792952,0.42857143,0.58948965,0.97642107,0.05241285,0.51010101,0.32482347,0.65340183
2,20260607,2,val,frozen_embedding_logistic_sensitivity,image_embedding_plus_downstream_age_sex_upper_bound,raw,1.00000000,197,0.54822335,0.51908263,0.51036943,0.42857143,0.63302752,0.45652174,0.52941176,0.61607143,0.41176471,0.47368421,0.62443439,0.43298969,0.66865293,1.29084097,0.23123825,0.48223350,0.37902489,0.68526155
2,20260607,2,val,frozen_embedding_logistic_sensitivity,image_embedding_plus_downstream_age_sex_upper_bound,temperature_scaled,3.40377462,197,0.54822335,0.51908263,0.51036943,0.42857143,0.63302752,0.45652174,0.52941176,0.61607143,0.41176471,0.47368421,0.62443439,0.43298969,0.55854543,0.91405184,0.09016576,0.48223350,0.37902489,0.69079775
2,20260607,3,test,frozen_embedding_logistic_sensitivity,image_embedding_plus_downstream_age_sex_upper_bound,raw,1.00000000,197,0.46192893,0.45454015,0.43517463,0.34693878,0.58510638,0.35185185,0.50000000,0.49107143,0.37254902,0.40963855,0.53398058,0.36190476,0.66651227,1.06398782,0.21699096,0.58883249,0.27325991,0.65523699
2,20260607,3,test,frozen_embedding_logistic_sensitivity,image_embedding_plus_downstream_age_sex_upper_bound,temperature_scaled,1.87581127,197,0.46192893,0.45454015,0.43517463,0.34693878,0.58510638,0.35185185,0.50000000,0.49107143,0.37254902,0.40963855,0.53398058,0.36190476,0.59831877,0.96312465,0.10076664,0.58883249,0.27325991,0.65851106
2,20260607,3,val,frozen_embedding_logistic_sensitivity,image_embedding_plus_downstream_age_sex_upper_bound,raw,1.00000000,197,0.55837563,0.59447946,0.56085007,0.55813953,0.69512195,0.40277778,0.70588235,0.50892857,0.56862745,0.62337662,0.58762887,0.47154472,0.59475114,0.98787170,0.13383681,0.47715736,0.44613943,0.72705523
2,20260607,3,val,frozen_embedding_logistic_sensitivity,image_embedding_plus_downstream_age_sex_upper_bound,temperature_scaled,1.87581127,197,0.55837563,0.59447946,0.56085007,0.55813953,0.69512195,0.40277778,0.70588235,0.50892857,0.56862745,0.62337662,0.58762887,0.47154472,0.56068034,0.91389203,0.07837878,0.47715736,0.44613943,0.72764138
2,20260607,4,test,frozen_embedding_logistic_sensitivity,image_embedding_plus_downstream_age_sex_upper_bound,raw,1.00000000,197,0.53299492,0.55199580,0.52235325,0.46666667,0.67857143,0.39705882,0.61764706,0.50892857,0.52941176,0.53164557,0.58163265,0.45378151,0.70883317,1.42477786,0.27966563,0.51776650,0.37123273,0.70818062
2,20260607,4,test,frozen_embedding_logistic_sensitivity,image_embedding_plus_downstream_age_sex_upper_bound,temperature_scaled,3.97333784,197,0.53299492,0.55199580,0.52235325,0.46666667,0.67857143,0.39705882,0.61764706,0.50892857,0.52941176,0.53164557,0.58163265,0.45378151,0.56906484,0.93270040,0.06228224,0.51776650,0.37123273,0.71185977
2,20260607,4,val,frozen_embedding_logistic_sensitivity,image_embedding_plus_downstream_age_sex_upper_bound,raw,1.00000000,198,0.49494949,0.45250215,0.44995829,0.37837838,0.58558559,0.38000000,0.41176471,0.58035714,0.36538462,0.39436620,0.58295964,0.37254902,0.74095166,1.44150426,0.30228216,0.54040404,0.29088972,0.66790976
2,20260607,4,val,frozen_embedding_logistic_sensitivity,image_embedding_plus_downstream_age_sex_upper_bound,temperature_scaled,3.97333784,198,0.49494949,0.45250215,0.44995829,0.37837838,0.58558559,0.38000000,0.41176471,0.58035714,0.36538462,0.39436620,0.58295964,0.37254902,0.58046751,0.94468785,0.06272892,0.54040404,0.29088972,0.67768112
3,20260608,0,test,frozen_embedding_logistic_sensitivity,image_embedding_plus_downstream_age_sex_upper_bound,raw,1.00000000,198,0.52525253,0.49431696,0.49115851,0.44444444,0.60550459,0.41509434,0.47058824,0.58928571,0.42307692,0.45714286,0.59728507,0.41904762,0.78225300,2.02796333,0.35841138,0.50000000,0.36594395,0.65961618
3,20260608,0,test,frozen_embedding_logistic_sensitivity,image_embedding_plus_downstream_age_sex_upper_bound,temperature_scaled,4.99997802,198,0.52525253,0.49431696,0.49115851,0.44444444,0.60550459,0.41509434,0.47058824,0.58928571,0.42307692,0.45714286,0.59728507,0.41904762,0.58365933,0.96017650,0.05398180,0.50000000,0.36594395,0.66655480
3,20260608,0,val,frozen_embedding_logistic_sensitivity,image_embedding_plus_downstream_age_sex_upper_bound,raw,1.00000000,198,0.47474747,0.41676094,0.41734336,0.33333333,0.57272727,0.36065574,0.26470588,0.56250000,0.42307692,0.29508197,0.56756757,0.38938053,0.87236722,2.24631408,0.39649871,0.56565657,0.23726977,0.62513919
3,20260608,0,val,frozen_embedding_logistic_sensitivity,image_embedding_plus_downstream_age_sex_upper_bound,temperature_scaled,4.99997802,198,0.47474747,0.41676094,0.41734336,0.33333333,0.57272727,0.36065574,0.26470588,0.56250000,0.42307692,0.29508197,0.56756757,0.38938053,0.61792993,1.01765633,0.08770840,0.56565657,0.23726977,0.63435054
3,20260608,1,test,frozen_embedding_logistic_sensitivity,image_embedding_plus_downstream_age_sex_upper_bound,raw,1.00000000,198,0.49494949,0.47302575,0.46160494,0.34782609,0.58653846,0.43750000,0.47058824,0.54464286,0.40384615,0.40000000,0.56481481,0.42000000,0.64846474,1.07426231,0.16879936,0.53535354,0.34311741,0.65683015
3,20260608,1,test,frozen_embedding_logistic_sensitivity,image_embedding_plus_downstream_age_sex_upper_bound,temperature_scaled,1.41386014,198,0.49494949,0.47302575,0.46160494,0.34782609,0.58653846,0.43750000,0.47058824,0.54464286,0.40384615,0.40000000,0.56481481,0.42000000,0.61341612,1.00057643,0.09519642,0.53535354,0.34311741,0.65780891
3,20260608,1,val,frozen_embedding_logistic_sensitivity,image_embedding_plus_downstream_age_sex_upper_bound,raw,1.00000000,198,0.58080808,0.55784044,0.54353584,0.44186047,0.71000000,0.45454545,0.55882353,0.63392857,0.48076923,0.49350649,0.66981132,0.46728972,0.53414994,0.87353272,0.08824520,0.48484848,0.32900000,0.75460387
3,20260608,1,val,frozen_embedding_logistic_sensitivity,image_embedding_plus_downstream_age_sex_upper_bound,temperature_scaled,1.41386014,198,0.58080808,0.55784044,0.54353584,0.44186047,0.71000000,0.45454545,0.55882353,0.63392857,0.48076923,0.49350649,0.66981132,0.46728972,0.52114688,0.85129721,0.04711640,0.48484848,0.32900000,0.75483740
3,20260608,2,test,frozen_embedding_logistic_sensitivity,image_embedding_plus_downstream_age_sex_upper_bound,raw,1.00000000,198,0.57575758,0.56169198,0.54730241,0.48780488,0.69696970,0.43103448,0.58823529,0.61607143,0.48076923,0.53333333,0.65402844,0.45454545,0.50233316,0.83170605,0.09782670,0.47979798,0.35682159,0.78100606
3,20260608,2,test,frozen_embedding_logistic_sensitivity,image_embedding_plus_downstream_age_sex_upper_bound,temperature_scaled,2.46259651,198,0.57575758,0.56169198,0.54730241,0.48780488,0.69696970,0.43103448,0.58823529,0.61607143,0.48076923,0.53333333,0.65402844,0.45454545,0.51585947,0.86015358,0.09298766,0.47979798,0.35682159,0.77848081
3,20260608,2,val,frozen_embedding_logistic_sensitivity,image_embedding_plus_downstream_age_sex_upper_bound,raw,1.00000000,197,0.55329949,0.51313025,0.50823617,0.42857143,0.64423077,0.46153846,0.35294118,0.59821429,0.58823529,0.38709677,0.62037037,0.51724138,0.62808569,1.10631644,0.16137986,0.47715736,0.38233554,0.67497750
3,20260608,2,val,frozen_embedding_logistic_sensitivity,image_embedding_plus_downstream_age_sex_upper_bound,temperature_scaled,2.46259651,197,0.55329949,0.51313025,0.50823617,0.42857143,0.64423077,0.46153846,0.35294118,0.59821429,0.58823529,0.38709677,0.62037037,0.51724138,0.57827814,0.95519381,0.07231690,0.47715736,0.38233554,0.67493793
3,20260608,3,test,frozen_embedding_logistic_sensitivity,image_embedding_plus_downstream_age_sex_upper_bound,raw,1.00000000,197,0.54314721,0.54545985,0.52532182,0.50000000,0.65517241,0.43750000,0.44117647,0.50892857,0.68627451,0.46875000,0.57286432,0.53435115,0.60942942,1.05211183,0.17930392,0.48223350,0.43660629,0.70868720
3,20260608,3,test,frozen_embedding_logistic_sensitivity,image_embedding_plus_downstream_age_sex_upper_bound,temperature_scaled,2.23685127,197,0.54314721,0.54545985,0.52532182,0.50000000,0.65517241,0.43750000,0.44117647,0.50892857,0.68627451,0.46875000,0.57286432,0.53435115,0.55869174,0.92285433,0.05450244,0.48223350,0.43660629,0.71014509
3,20260608,3,val,frozen_embedding_logistic_sensitivity,image_embedding_plus_downstream_age_sex_upper_bound,raw,1.00000000,197,0.54314721,0.48494398,0.48879071,0.46875000,0.62184874,0.39130435,0.44117647,0.66071429,0.35294118,0.45454545,0.64069264,0.37113402,0.63212802,1.06112202,0.16733455,0.49238579,0.30877193,0.66263194
3,20260608,3,val,frozen_embedding_logistic_sensitivity,image_embedding_plus_downstream_age_sex_upper_bound,temperature_scaled,2.23685127,197,0.54314721,0.48494398,0.48879071,0.46875000,0.62184874,0.39130435,0.44117647,0.66071429,0.35294118,0.45454545,0.64069264,0.37113402,0.58573049,0.94603232,0.08542048,0.49238579,0.30877193,0.66544948
3,20260608,4,test,frozen_embedding_logistic_sensitivity,image_embedding_plus_downstream_age_sex_upper_bound,raw,1.00000000,197,0.49746193,0.42075163,0.42260406,0.26470588,0.59829060,0.41304348,0.26470588,0.62500000,0.37254902,0.26470588,0.61135371,0.39175258,0.75525518,1.58756978,0.29754123,0.55329949,0.20824376,0.62992507
3,20260608,4,test,frozen_embedding_logistic_sensitivity,image_embedding_plus_downstream_age_sex_upper_bound,temperature_scaled,2.87302037,197,0.49746193,0.42075163,0.42260406,0.26470588,0.59829060,0.41304348,0.26470588,0.62500000,0.37254902,0.26470588,0.61135371,0.39175258,0.62051938,1.01801997,0.09217161,0.55329949,0.20824376,0.63449906
3,20260608,4,val,frozen_embedding_logistic_sensitivity,image_embedding_plus_downstream_age_sex_upper_bound,raw,1.00000000,198,0.61111111,0.57230392,0.57174427,0.52941176,0.69369369,0.49056604,0.52941176,0.68750000,0.50000000,0.52941176,0.69058296,0.49523810,0.59881021,1.18215491,0.19355447,0.42929293,0.40428954,0.71197072
3,20260608,4,val,frozen_embedding_logistic_sensitivity,image_embedding_plus_downstream_age_sex_upper_bound,temperature_scaled,2.87302037,198,0.61111111,0.57230392,0.57174427,0.52941176,0.69369369,0.49056604,0.52941176,0.68750000,0.50000000,0.52941176,0.69058296,0.49523810,0.53540559,0.88458499,0.09282118,0.42929293,0.40428954,0.71847019
