repeat,seed,fold,eval_split,model,feature_set,selected_l2,n,accuracy,balanced_accuracy,macro_f1,precision_1,precision_2,precision_3,recall_1,recall_2,recall_3,f1_1,f1_2,f1_3,brier_score,log_loss,ece_10
1,20260606,0,val,majority_class,class_prior,,198,0.56565657,0.33333333,0.24086022,0.00000000,0.56565657,0.00000000,0.00000000,1.00000000,0.00000000,0.00000000,0.72258065,0.00000000,0.58158350,0.97599623,0.00191100
1,20260606,0,val,stratified_random,class_prior,,198,0.41919192,0.34968218,0.34882355,0.25000000,0.56363636,0.23076923,0.26470588,0.55357143,0.23076923,0.25714286,0.55855856,0.23076923,0.58158350,0.97599623,0.14837565
1,20260606,0,test,majority_class,class_prior,,198,0.56565657,0.33333333,0.24086022,0.00000000,0.56565657,0.00000000,0.00000000,1.00000000,0.00000000,0.00000000,0.72258065,0.00000000,0.58158350,0.97599623,0.00191100
1,20260606,0,test,stratified_random,class_prior,,198,0.42424242,0.33209438,0.32937895,0.22857143,0.57627119,0.17777778,0.23529412,0.60714286,0.15384615,0.23188406,0.59130435,0.16494845,0.58158350,0.97599623,0.14332514
1,20260606,0,val,multinomial_logistic,age_sex,0.00100000,198,0.56565657,0.58624219,0.51735174,0.39473684,0.75555556,0.43750000,0.88235294,0.60714286,0.26923077,0.54545455,0.67326733,0.33333333,0.56954226,0.92863890,0.08480501
1,20260606,0,test,multinomial_logistic,age_sex,0.00100000,198,0.52020202,0.56636501,0.49888117,0.40277778,0.71794872,0.37500000,0.85294118,0.50000000,0.34615385,0.54716981,0.58947368,0.36000000,0.57421958,0.93271104,0.05316865
1,20260606,0,val,multinomial_logistic,image_geometry_file,0.00100000,198,0.35858586,0.35137901,0.30368880,0.17647059,0.58536585,0.35714286,0.52941176,0.42857143,0.09615385,0.26470588,0.49484536,0.15151515,0.67012234,1.10430436,0.06109535
1,20260606,0,test,multinomial_logistic,image_geometry_file,0.00100000,198,0.43434343,0.38911334,0.32437052,0.24675325,0.61111111,0.07692308,0.55882353,0.58928571,0.01923077,0.34234234,0.60000000,0.03076923,0.66848911,1.11427752,0.10016368
1,20260606,0,val,multinomial_logistic,admin_index,1.00000000,198,0.18181818,0.26809955,0.17021277,0.10280374,0.00000000,0.28089888,0.32352941,0.00000000,0.48076923,0.15602837,0.00000000,0.35460993,0.66650599,1.09822774,0.16314277
1,20260606,0,test,multinomial_logistic,admin_index,1.00000000,198,0.18686869,0.26772247,0.16860854,0.09278351,0.00000000,0.28000000,0.26470588,0.00000000,0.53846154,0.13740458,0.00000000,0.36842105,0.66500526,1.09593420,0.15809220
1,20260606,0,val,multinomial_logistic,age_sex_geometry,0.01000000,198,0.54545455,0.58124596,0.51680939,0.40277778,0.75308642,0.40000000,0.85294118,0.54464286,0.34615385,0.54716981,0.63212435,0.37113402,0.57382439,0.93705329,0.05132861
1,20260606,0,test,multinomial_logistic,age_sex_geometry,0.01000000,198,0.47474747,0.51897490,0.45077653,0.42028986,0.65432099,0.25000000,0.85294118,0.47321429,0.23076923,0.56310680,0.54922280,0.24000000,0.58956174,0.96140336,0.06771749
1,20260606,0,val,multinomial_logistic,downstream_status,0.01000000,198,0.38383838,0.50653146,0.38685799,0.27927928,0.62500000,0.42553191,0.91176471,0.22321429,0.38461538,0.42758621,0.32894737,0.40404040,0.63525904,1.02907367,0.12135812
1,20260606,0,test,multinomial_logistic,downstream_status,0.01000000,198,0.37373737,0.51088128,0.38161931,0.27433628,0.57142857,0.46000000,0.91176471,0.17857143,0.44230769,0.42176871,0.27210884,0.45098039,0.63219980,1.02699498,0.07309832
1,20260606,0,val,multinomial_logistic,downstream_plus_age_sex,0.10000000,198,0.56060606,0.60039593,0.52735521,0.38750000,0.75000000,0.50000000,0.91176471,0.56250000,0.32692308,0.54385965,0.64285714,0.39534884,0.57228763,0.94295154,0.10810561
1,20260606,0,test,multinomial_logistic,downstream_plus_age_sex,0.10000000,198,0.52525253,0.57273486,0.50005753,0.37037037,0.69512195,0.48571429,0.88235294,0.50892857,0.32692308,0.52173913,0.58762887,0.39080460,0.57398812,0.94570064,0.09935412
1,20260606,1,val,majority_class,class_prior,,198,0.56565657,0.33333333,0.24086022,0.00000000,0.56565657,0.00000000,0.00000000,1.00000000,0.00000000,0.00000000,0.72258065,0.00000000,0.58158350,0.97599623,0.00191100
1,20260606,1,val,stratified_random,class_prior,,198,0.41414141,0.28865008,0.28274315,0.03703704,0.56451613,0.23404255,0.02941176,0.62500000,0.21153846,0.03278689,0.59322034,0.22222222,0.58158350,0.97599623,0.15342615
1,20260606,1,test,majority_class,class_prior,,198,0.56565657,0.33333333,0.24086022,0.00000000,0.56565657,0.00000000,0.00000000,1.00000000,0.00000000,0.00000000,0.72258065,0.00000000,0.58158350,0.97599623,0.00191100
1,20260606,1,test,stratified_random,class_prior,,198,0.41919192,0.33263305,0.33258107,0.16666667,0.56637168,0.26530612,0.17647059,0.57142857,0.25000000,0.17142857,0.56888889,0.25742574,0.58158350,0.97599623,0.14837565
1,20260606,1,val,multinomial_logistic,age_sex,0.01000000,198,0.48989899,0.52463101,0.46828932,0.33783784,0.72602740,0.37254902,0.73529412,0.47321429,0.36538462,0.46296296,0.57297297,0.36893204,0.59951371,1.01654750,0.05247042
1,20260606,1,test,multinomial_logistic,age_sex,0.01000000,198,0.54040404,0.58513790,0.51697621,0.38157895,0.78378378,0.41666667,0.85294118,0.51785714,0.38461538,0.52727273,0.62365591,0.40000000,0.57039789,0.92402774,0.08129226
1,20260606,1,val,multinomial_logistic,image_geometry_file,0.01000000,198,0.34343434,0.33590552,0.31905382,0.17857143,0.56521739,0.26027397,0.29411765,0.34821429,0.36538462,0.22222222,0.43093923,0.30400000,0.67092738,1.10642135,0.03725701
1,20260606,1,test,multinomial_logistic,image_geometry_file,0.01000000,198,0.34343434,0.35303544,0.32641524,0.17741935,0.61403509,0.27848101,0.32352941,0.31250000,0.42307692,0.22916667,0.41420118,0.33587786,0.66786933,1.10079024,0.04752276
1,20260606,1,val,multinomial_logistic,admin_index,0.01000000,198,0.17676768,0.23437837,0.16780332,0.07368421,0.44444444,0.25531915,0.20588235,0.03571429,0.46153846,0.10852713,0.06611570,0.32876712,0.67560421,1.11010422,0.20499428
1,20260606,1,test,multinomial_logistic,admin_index,0.01000000,198,0.17171717,0.24849170,0.16456857,0.08737864,0.00000000,0.29069767,0.26470588,0.00000000,0.48076923,0.13138686,0.00000000,0.36231884,0.67039434,1.10185307,0.21229559
1,20260606,1,val,multinomial_logistic,age_sex_geometry,0.00100000,198,0.49494949,0.54134346,0.48202525,0.35714286,0.75757576,0.37096774,0.73529412,0.44642857,0.44230769,0.48076923,0.56179775,0.40350877,0.60124715,1.02824629,0.09226541
1,20260606,1,test,multinomial_logistic,age_sex_geometry,0.00100000,198,0.51010101,0.58445109,0.50374946,0.38157895,0.81034483,0.39062500,0.85294118,0.41964286,0.48076923,0.52727273,0.55294118,0.43103448,0.57494599,0.92694884,0.03814537
1,20260606,1,val,multinomial_logistic,downstream_status,0.01000000,198,0.33333333,0.45624596,0.33542575,0.23577236,0.65517241,0.39130435,0.85294118,0.16964286,0.34615385,0.36942675,0.26950355,0.36734694,0.66545459,1.11059626,0.16548493
1,20260606,1,test,multinomial_logistic,downstream_status,0.01000000,198,0.38888889,0.51980985,0.39427302,0.27927928,0.65714286,0.44230769,0.91176471,0.20535714,0.44230769,0.42758621,0.31292517,0.44230769,0.63140627,1.01070967,0.13079151
1,20260606,1,val,multinomial_logistic,downstream_plus_age_sex,0.00100000,198,0.53030303,0.55862153,0.49393722,0.34146341,0.76250000,0.44444444,0.82352941,0.54464286,0.30769231,0.48275862,0.63541667,0.36363636,0.58941449,1.04611604,0.06694120
1,20260606,1,test,multinomial_logistic,downstream_plus_age_sex,0.00100000,198,0.58080808,0.61924962,0.55980925,0.42647059,0.75903614,0.48936170,0.85294118,0.56250000,0.44230769,0.56862745,0.64615385,0.46464646,0.54211212,0.87844388,0.07524982
1,20260606,2,val,majority_class,class_prior,,197,0.56852792,0.33333333,0.24163970,0.00000000,0.56852792,0.00000000,0.00000000,1.00000000,0.00000000,0.00000000,0.72491909,0.00000000,0.57997883,0.97412736,0.00191746
1,20260606,2,val,stratified_random,class_prior,,197,0.42131980,0.34436275,0.34326326,0.21052632,0.57272727,0.24489796,0.23529412,0.56250000,0.23529412,0.22222222,0.56756757,0.24000000,0.57997883,0.97412736,0.14529066
1,20260606,2,test,majority_class,class_prior,,198,0.56565657,0.33333333,0.24086022,0.00000000,0.56565657,0.00000000,0.00000000,1.00000000,0.00000000,0.00000000,0.72258065,0.00000000,0.58157585,0.97598414,0.00095389
1,20260606,2,test,stratified_random,class_prior,,198,0.45959596,0.41126643,0.40811773,0.25000000,0.55660377,0.41071429,0.26470588,0.52678571,0.44230769,0.25714286,0.54128440,0.42592593,0.58157585,0.97598414,0.10701450
1,20260606,2,val,multinomial_logistic,age_sex,0.00100000,197,0.50253807,0.51190476,0.46799414,0.38095238,0.70588235,0.30612245,0.70588235,0.53571429,0.29411765,0.49484536,0.60913706,0.30000000,0.59411208,0.98181356,0.07190429
1,20260606,2,test,multinomial_logistic,age_sex,0.00100000,198,0.52020202,0.54248815,0.49625005,0.40322581,0.69411765,0.37254902,0.73529412,0.52678571,0.36538462,0.52083333,0.59898477,0.36893204,0.59542288,1.02873184,0.06738726
1,20260606,2,val,multinomial_logistic,image_geometry_file,0.00100000,197,0.36040609,0.38194444,0.34689748,0.20000000,0.71428571,0.27710843,0.38235294,0.31250000,0.45098039,0.26262626,0.43478261,0.34328358,0.65336910,1.07982113,0.08485427
1,20260606,2,test,multinomial_logistic,image_geometry_file,0.00100000,198,0.32828283,0.35101541,0.31379278,0.18867925,0.60416667,0.26804124,0.29411765,0.25892857,0.50000000,0.22988506,0.36250000,0.34899329,0.66732324,1.10033054,0.04452818
1,20260606,2,val,multinomial_logistic,admin_index,0.00100000,197,0.23350254,0.31880252,0.22010783,0.12500000,0.55555556,0.30000000,0.32352941,0.04464286,0.58823529,0.18032787,0.08264463,0.39735099,0.66428398,1.09342147,0.14895143
1,20260606,2,test,multinomial_logistic,admin_index,0.00100000,198,0.18686869,0.24033075,0.17791137,0.07526882,0.66666667,0.25000000,0.20588235,0.05357143,0.46153846,0.11023622,0.09917355,0.32432432,0.67235296,1.10631845,0.20364007
1,20260606,2,val,multinomial_logistic,age_sex_geometry,1.00000000,197,0.50761421,0.53536415,0.47304047,0.34177215,0.72500000,0.39473684,0.79411765,0.51785714,0.29411765,0.47787611,0.60416667,0.33707865,0.63331060,1.04755168,0.13090806
1,20260606,2,test,multinomial_logistic,age_sex_geometry,1.00000000,198,0.47979798,0.51520416,0.45426675,0.31707317,0.67088608,0.43243243,0.76470588,0.47321429,0.30769231,0.44827586,0.55497382,0.35955056,0.63966661,1.05792492,0.10381477
1,20260606,2,val,multinomial_logistic,downstream_status,0.10000000,197,0.34517766,0.46743697,0.34180223,0.25619835,0.62857143,0.36585366,0.91176471,0.19642857,0.29411765,0.40000000,0.29931973,0.32608696,0.66618837,1.06954202,0.18649953
1,20260606,2,test,multinomial_logistic,downstream_status,0.10000000,198,0.32323232,0.45029358,0.32530675,0.23577236,0.60714286,0.38297872,0.85294118,0.15178571,0.34615385,0.36942675,0.24285714,0.36363636,0.66411645,1.09190377,0.20857596
1,20260606,2,val,multinomial_logistic,downstream_plus_age_sex,0.01000000,197,0.51269036,0.52439309,0.47160982,0.38805970,0.67391304,0.34210526,0.76470588,0.55357143,0.25490196,0.51485149,0.60784314,0.29213483,0.60444969,0.98641767,0.10404621
1,20260606,2,test,multinomial_logistic,downstream_plus_age_sex,0.01000000,198,0.53535354,0.55133592,0.49368866,0.36000000,0.71910112,0.44117647,0.79411765,0.57142857,0.28846154,0.49541284,0.63681592,0.34883721,0.58484345,1.04176251,0.07752746
1,20260606,3,val,majority_class,class_prior,,197,0.56852792,0.33333333,0.24163970,0.00000000,0.56852792,0.00000000,0.00000000,1.00000000,0.00000000,0.00000000,0.72491909,0.00000000,0.57999158,0.97414743,0.00287135
1,20260606,3,val,stratified_random,class_prior,,197,0.43147208,0.37079832,0.36863766,0.29729730,0.55855856,0.24489796,0.32352941,0.55357143,0.23529412,0.30985915,0.55605381,0.24000000,0.57999158,0.97414743,0.13418448
1,20260606,3,test,majority_class,class_prior,,197,0.56852792,0.33333333,0.24163970,0.00000000,0.56852792,0.00000000,0.00000000,1.00000000,0.00000000,0.00000000,0.72491909,0.00000000,0.57999158,0.97414743,0.00287135
1,20260606,3,test,stratified_random,class_prior,,197,0.42639594,0.34109477,0.34008164,0.20000000,0.57272727,0.25806452,0.14705882,0.56250000,0.31372549,0.16949153,0.56756757,0.28318584,0.57999158,0.97414743,0.13926063
1,20260606,3,val,multinomial_logistic,age_sex,0.00100000,197,0.52791878,0.55497199,0.50707547,0.40322581,0.72500000,0.38181818,0.73529412,0.51785714,0.41176471,0.52083333,0.60416667,0.39622642,0.59698392,0.97513052,0.12042732
1,20260606,3,test,multinomial_logistic,age_sex,0.00100000,197,0.50761421,0.50776144,0.46217865,0.36363636,0.68478261,0.33333333,0.70588235,0.56250000,0.25490196,0.48000000,0.61764706,0.28888889,0.60232359,0.98807244,0.07810566
1,20260606,3,val,multinomial_logistic,image_geometry_file,0.00100000,197,0.30964467,0.33234127,0.26870531,0.16260163,0.55223881,0.57142857,0.58823529,0.33035714,0.07843137,0.25477707,0.41340782,0.13793103,0.66290726,1.09368263,0.10735450
1,20260606,3,test,multinomial_logistic,image_geometry_file,0.00100000,197,0.34010152,0.36712185,0.28592840,0.17968750,0.65079365,0.50000000,0.67647059,0.36607143,0.05882353,0.28395062,0.46857143,0.10526316,0.65592192,1.08315699,0.10527506
1,20260606,3,val,multinomial_logistic,admin_index,0.00100000,197,0.20812183,0.30392157,0.18978001,0.11956522,0.00000000,0.29702970,0.32352941,0.00000000,0.58823529,0.17460317,0.00000000,0.39473684,0.66423879,1.09494926,0.14136894
1,20260606,3,test,multinomial_logistic,admin_index,0.00100000,197,0.21827411,0.30987395,0.20013100,0.12087912,0.66666667,0.29126214,0.32352941,0.01785714,0.58823529,0.17600000,0.03478261,0.38961039,0.66538086,1.09660828,0.13030981
1,20260606,3,val,multinomial_logistic,age_sex_geometry,0.01000000,197,0.51776650,0.54545985,0.49411765,0.36764706,0.73076923,0.39215686,0.73529412,0.50892857,0.39215686,0.49019608,0.60000000,0.39215686,0.59448252,0.97046319,0.06237711
1,20260606,3,test,multinomial_logistic,age_sex_geometry,0.01000000,197,0.49746193,0.51248833,0.46489942,0.34782609,0.69047619,0.36363636,0.70588235,0.51785714,0.31372549,0.46601942,0.59183673,0.33684211,0.59793060,0.98403555,0.08389651
1,20260606,3,val,multinomial_logistic,downstream_status,0.00100000,197,0.31979695,0.43919234,0.32450491,0.22400000,0.58064516,0.41463415,0.82352941,0.16071429,0.33333333,0.35220126,0.25174825,0.36956522,0.67098897,1.07324221,0.18808635
1,20260606,3,test,multinomial_logistic,downstream_status,0.00100000,197,0.35025381,0.47041317,0.34682705,0.25619835,0.63888889,0.37500000,0.91176471,0.20535714,0.29411765,0.40000000,0.31081081,0.32967033,0.66956521,1.06437626,0.17870461
1,20260606,3,val,multinomial_logistic,downstream_plus_age_sex,0.01000000,197,0.55329949,0.57282913,0.52066168,0.38571429,0.71111111,0.48648649,0.79411765,0.57142857,0.35294118,0.51923077,0.63366337,0.40909091,0.59107952,0.96599053,0.07991328
1,20260606,3,test,multinomial_logistic,downstream_plus_age_sex,0.01000000,197,0.52791878,0.53688142,0.48434413,0.37142857,0.69565217,0.40000000,0.76470588,0.57142857,0.27450980,0.50000000,0.62745098,0.32558140,0.61074673,0.99277571,0.12235078
1,20260606,4,val,majority_class,class_prior,,198,0.56565657,0.33333333,0.24086022,0.00000000,0.56565657,0.00000000,0.00000000,1.00000000,0.00000000,0.00000000,0.72258065,0.00000000,0.58157585,0.97598414,0.00095389
1,20260606,4,val,stratified_random,class_prior,,198,0.41414141,0.30913327,0.30872101,0.13333333,0.59292035,0.20000000,0.11764706,0.59821429,0.21153846,0.12500000,0.59555556,0.20560748,0.58157585,0.97598414,0.15246904
1,20260606,4,test,majority_class,class_prior,,197,0.56852792,0.33333333,0.24163970,0.00000000,0.56852792,0.00000000,0.00000000,1.00000000,0.00000000,0.00000000,0.72491909,0.00000000,0.57997883,0.97412736,0.00191746
1,20260606,4,test,stratified_random,class_prior,,197,0.47208122,0.35720121,0.35590563,0.17857143,0.60483871,0.28888889,0.14705882,0.66964286,0.25490196,0.16129032,0.63559322,0.27083333,0.57997883,0.97412736,0.09452924
1,20260606,4,val,multinomial_logistic,age_sex,0.00100000,198,0.50000000,0.53050259,0.47387755,0.40909091,0.67857143,0.31250000,0.79411765,0.50892857,0.28846154,0.54000000,0.58163265,0.30000000,0.57431930,0.93237709,0.07610210
1,20260606,4,test,multinomial_logistic,age_sex,0.00100000,197,0.51269036,0.53180439,0.48253526,0.37313433,0.70238095,0.36956522,0.73529412,0.52678571,0.33333333,0.49504950,0.60204082,0.35051546,0.59299919,0.97581352,0.05371032
1,20260606,4,val,multinomial_logistic,image_geometry_file,0.00100000,198,0.42424242,0.38316096,0.31806946,0.24050633,0.60377358,0.07692308,0.55882353,0.57142857,0.01923077,0.33628319,0.58715596,0.03076923,0.66240597,1.09735800,0.06714010
1,20260606,4,test,multinomial_logistic,image_geometry_file,0.00100000,197,0.40609137,0.36898926,0.34806230,0.16666667,0.61290323,0.57142857,0.44117647,0.50892857,0.15686275,0.24193548,0.55609756,0.24615385,0.65575481,1.08277115,0.04766830
1,20260606,4,val,multinomial_logistic,admin_index,0.00100000,198,0.18686869,0.26772247,0.16896086,0.09375000,0.00000000,0.28000000,0.26470588,0.00000000,0.53846154,0.13846154,0.00000000,0.36842105,0.66441891,1.09496907,0.16150492
1,20260606,4,test,multinomial_logistic,admin_index,0.00100000,197,0.20812183,0.30392157,0.18978001,0.11956522,0.00000000,0.29702970,0.32352941,0.00000000,0.58823529,0.17460317,0.00000000,0.39473684,0.66420032,1.09469213,0.14061478
1,20260606,4,val,multinomial_logistic,age_sex_geometry,1.00000000,198,0.51010101,0.52611237,0.45600371,0.35443038,0.65625000,0.43478261,0.82352941,0.56250000,0.19230769,0.49557522,0.60576923,0.26666667,0.63311574,1.04742312,0.14042046
1,20260606,4,test,multinomial_logistic,age_sex_geometry,1.00000000,197,0.45177665,0.47414799,0.39453481,0.29032258,0.65476190,0.35000000,0.79411765,0.49107143,0.13725490,0.42519685,0.56122449,0.19718310,0.64016465,1.05854044,0.08397793
1,20260606,4,val,multinomial_logistic,downstream_status,0.01000000,198,0.38888889,0.52324391,0.39810451,0.27433628,0.61111111,0.48979592,0.91176471,0.19642857,0.46153846,0.42176871,0.29729730,0.47524752,0.62948100,1.02100406,0.07430713
1,20260606,4,test,multinomial_logistic,downstream_status,0.01000000,197,0.29949239,0.43055556,0.30169772,0.22480620,0.51851852,0.39024390,0.85294118,0.12500000,0.31372549,0.35582822,0.20143885,0.34782609,0.66205789,1.06904030,0.13078313
1,20260606,4,val,multinomial_logistic,downstream_plus_age_sex,0.00100000,198,0.56565657,0.60341252,0.53804714,0.40540541,0.73255814,0.50000000,0.88235294,0.56250000,0.36538462,0.55555556,0.63636364,0.42222222,0.54951486,0.90121203,0.04722665
1,20260606,4,test,multinomial_logistic,downstream_plus_age_sex,0.00100000,197,0.54822335,0.57312092,0.51408558,0.36842105,0.72413793,0.50000000,0.82352941,0.56250000,0.33333333,0.50909091,0.63316583,0.40000000,0.58648969,0.96565511,0.09377453
2,20260607,0,val,majority_class,class_prior,,198,0.56565657,0.33333333,0.24086022,0.00000000,0.56565657,0.00000000,0.00000000,1.00000000,0.00000000,0.00000000,0.72258065,0.00000000,0.58158350,0.97599623,0.00191100
2,20260607,0,val,stratified_random,class_prior,,198,0.39393939,0.29726891,0.29896825,0.07894737,0.55357143,0.27083333,0.08823529,0.55357143,0.25000000,0.08333333,0.55357143,0.26000000,0.58158350,0.97599623,0.17362817
2,20260607,0,test,majority_class,class_prior,,198,0.56565657,0.33333333,0.24086022,0.00000000,0.56565657,0.00000000,0.00000000,1.00000000,0.00000000,0.00000000,0.72258065,0.00000000,0.58158350,0.97599623,0.00191100
2,20260607,0,test,stratified_random,class_prior,,198,0.43939394,0.35132515,0.34915493,0.20000000,0.60176991,0.24444444,0.23529412,0.60714286,0.21153846,0.21621622,0.60444444,0.22680412,0.58158350,0.97599623,0.12817363
2,20260607,0,val,multinomial_logistic,age_sex,0.00100000,198,0.56565657,0.59658479,0.53290300,0.36708861,0.79012346,0.50000000,0.85294118,0.57142857,0.36538462,0.51327434,0.66321244,0.42222222,0.57465310,0.93335636,0.10806804
2,20260607,0,test,multinomial_logistic,age_sex,0.00100000,198,0.47474747,0.48822991,0.43275350,0.34246575,0.72500000,0.24444444,0.73529412,0.51785714,0.21153846,0.46728972,0.60416667,0.22680412,0.60858649,0.98800804,0.07295014
2,20260607,0,val,multinomial_logistic,image_geometry_file,0.00100000,198,0.36868687,0.38819759,0.34694099,0.18627451,0.68852459,0.34285714,0.55882353,0.37500000,0.23076923,0.27941176,0.48554913,0.27586207,0.65669223,1.08651327,0.05171618
2,20260607,0,test,multinomial_logistic,image_geometry_file,0.00100000,198,0.27777778,0.32097070,0.27431764,0.15887850,0.49056604,0.31578947,0.50000000,0.23214286,0.23076923,0.24113475,0.31515152,0.26666667,0.66680279,1.10024392,0.10929673
2,20260607,0,val,multinomial_logistic,admin_index,0.10000000,198,0.20202020,0.28351918,0.19244004,0.08490566,0.20000000,0.34482759,0.26470588,0.00892857,0.57692308,0.12857143,0.01709402,0.43165468,0.66697858,1.09805320,0.16651579
2,20260607,0,test,multinomial_logistic,admin_index,0.10000000,198,0.19696970,0.28389625,0.18718338,0.10784314,0.14285714,0.30337079,0.32352941,0.00892857,0.51923077,0.16176471,0.01680672,0.38297872,0.66901214,1.10097487,0.16427948
2,20260607,0,val,multinomial_logistic,age_sex_geometry,1.00000000,198,0.53030303,0.55870233,0.50480647,0.32098765,0.74683544,0.52631579,0.76470588,0.52678571,0.38461538,0.45217391,0.61780105,0.44444444,0.63365080,1.04792277,0.15659218
2,20260607,0,test,multinomial_logistic,age_sex_geometry,1.00000000,198,0.40909091,0.43244990,0.37380714,0.26744186,0.64000000,0.27027027,0.67647059,0.42857143,0.19230769,0.38333333,0.51336898,0.22471910,0.64248514,1.06066445,0.03722935
2,20260607,0,val,multinomial_logistic,downstream_status,0.00100000,198,0.39898990,0.52572183,0.40884579,0.26229508,0.66666667,0.56756757,0.94117647,0.23214286,0.40384615,0.41025641,0.34437086,0.47191011,0.64177437,1.03398669,0.13875026
2,20260607,0,test,multinomial_logistic,downstream_status,0.00100000,198,0.33838384,0.43861775,0.32950899,0.23770492,0.61904762,0.35294118,0.85294118,0.23214286,0.23076923,0.37179487,0.33766234,0.27906977,0.66494596,1.07501648,0.19616152
2,20260607,0,val,multinomial_logistic,downstream_plus_age_sex,0.00100000,198,0.56565657,0.59997845,0.53319713,0.37500000,0.75294118,0.54545455,0.88235294,0.57142857,0.34615385,0.52631579,0.64974619,0.42352941,0.54911436,0.90089715,0.07753592
2,20260607,0,test,multinomial_logistic,downstream_plus_age_sex,0.00100000,198,0.53535354,0.53759966,0.47628205,0.36486486,0.70833333,0.39285714,0.79411765,0.60714286,0.21153846,0.50000000,0.65384615,0.27500000,0.59113465,0.97298338,0.06300117
2,20260607,1,val,majority_class,class_prior,,198,0.56565657,0.33333333,0.24086022,0.00000000,0.56565657,0.00000000,0.00000000,1.00000000,0.00000000,0.00000000,0.72258065,0.00000000,0.58158350,0.97599623,0.00191100
2,20260607,1,val,stratified_random,class_prior,,198,0.38383838,0.28784206,0.28623734,0.14285714,0.50406504,0.21276596,0.11764706,0.55357143,0.19230769,0.12903226,0.52765957,0.20202020,0.58158350,0.97599623,0.18372918
2,20260607,1,test,majority_class,class_prior,,198,0.56565657,0.33333333,0.24086022,0.00000000,0.56565657,0.00000000,0.00000000,1.00000000,0.00000000,0.00000000,0.72258065,0.00000000,0.58158350,0.97599623,0.00191100
2,20260607,1,test,stratified_random,class_prior,,198,0.44949495,0.36753932,0.36531474,0.23076923,0.57627119,0.29268293,0.26470588,0.60714286,0.23076923,0.24657534,0.59130435,0.25806452,0.58158350,0.97599623,0.11807262
2,20260607,1,val,multinomial_logistic,age_sex,0.00100000,198,0.50505051,0.54382137,0.48580329,0.35616438,0.70129870,0.41666667,0.76470588,0.48214286,0.38461538,0.48598131,0.57142857,0.40000000,0.60247493,0.99804675,0.06856806
2,20260607,1,test,multinomial_logistic,age_sex,0.00100000,198,0.57575758,0.59910310,0.53736068,0.36708861,0.78823529,0.52941176,0.85294118,0.59821429,0.34615385,0.51327434,0.68020305,0.41860465,0.56306207,0.92414057,0.09976359
2,20260607,1,val,multinomial_logistic,image_geometry_file,0.00100000,198,0.48484848,0.38162573,0.38284809,0.27272727,0.61157025,0.29090909,0.17647059,0.66071429,0.30769231,0.21428571,0.63519313,0.29906542,0.66865565,1.10777530,0.12823625
2,20260607,1,test,multinomial_logistic,image_geometry_file,0.00100000,198,0.47979798,0.36156001,0.35931868,0.14814815,0.61788618,0.31250000,0.11764706,0.67857143,0.28846154,0.13114754,0.64680851,0.30000000,0.66116596,1.09475799,0.11975453
2,20260607,1,val,multinomial_logistic,admin_index,1.00000000,198,0.19696970,0.29068358,0.18170659,0.13402062,1.00000000,0.25000000,0.38235294,0.00892857,0.48076923,0.19847328,0.01769912,0.32894737,0.66642553,1.09808880,0.14840193
2,20260607,1,test,multinomial_logistic,admin_index,1.00000000,198,0.20202020,0.28351918,0.18955017,0.08490566,0.50000000,0.33333333,0.26470588,0.00892857,0.57692308,0.12857143,0.01754386,0.42253521,0.66525977,1.09637156,0.14312338
2,20260607,1,val,multinomial_logistic,age_sex_geometry,0.01000000,198,0.42929293,0.46491866,0.41226799,0.35820896,0.58024691,0.28000000,0.70588235,0.41964286,0.26923077,0.47524752,0.48704663,0.27450980,0.62556935,1.03296389,0.07289694
2,20260607,1,test,multinomial_logistic,age_sex_geometry,0.01000000,198,0.53030303,0.55522786,0.49644676,0.35526316,0.74390244,0.42500000,0.79411765,0.54464286,0.32692308,0.49090909,0.62886598,0.36956522,0.56722596,0.92867594,0.07068491
2,20260607,1,val,multinomial_logistic,downstream_status,0.00100000,198,0.34343434,0.48276234,0.34985146,0.25000000,0.57142857,0.44000000,0.88235294,0.14285714,0.42307692,0.38961039,0.22857143,0.43137255,0.64421528,1.04157602,0.13583101
2,20260607,1,test,multinomial_logistic,downstream_status,0.00100000,198,0.38888889,0.52320351,0.39876662,0.26229508,0.65714286,0.53658537,0.94117647,0.20535714,0.42307692,0.41025641,0.31292517,0.47311828,0.64128771,1.03595264,0.11195547
2,20260607,1,val,multinomial_logistic,downstream_plus_age_sex,0.01000000,198,0.54040404,0.56808877,0.51618788,0.33766234,0.73170732,0.53846154,0.76470588,0.53571429,0.40384615,0.46846847,0.61855670,0.46153846,0.58685381,0.97259118,0.09659986
2,20260607,1,test,multinomial_logistic,downstream_plus_age_sex,0.01000000,198,0.56565657,0.59993805,0.52816092,0.37804878,0.73863636,0.57142857,0.91176471,0.58035714,0.30769231,0.53448276,0.65000000,0.40000000,0.54840520,0.90423961,0.07715919
2,20260607,2,val,majority_class,class_prior,,197,0.56852792,0.33333333,0.24163970,0.00000000,0.56852792,0.00000000,0.00000000,1.00000000,0.00000000,0.00000000,0.72491909,0.00000000,0.57997883,0.97412736,0.00191746
2,20260607,2,val,stratified_random,class_prior,,197,0.38071066,0.30660598,0.30643135,0.17948718,0.55769231,0.18518519,0.20588235,0.51785714,0.19607843,0.19178082,0.53703704,0.19047619,0.57997883,0.97412736,0.18589980
2,20260607,2,test,majority_class,class_prior,,198,0.56565657,0.33333333,0.24086022,0.00000000,0.56565657,0.00000000,0.00000000,1.00000000,0.00000000,0.00000000,0.72258065,0.00000000,0.58157585,0.97598414,0.00095389
2,20260607,2,test,stratified_random,class_prior,,198,0.37373737,0.28875781,0.28924801,0.11111111,0.53211009,0.22641509,0.11764706,0.51785714,0.23076923,0.11428571,0.52488688,0.22857143,0.58157585,0.97598414,0.19287308
2,20260607,2,val,multinomial_logistic,age_sex,1.00000000,197,0.52284264,0.57901494,0.50289855,0.37037037,0.75000000,0.43181818,0.88235294,0.48214286,0.37254902,0.52173913,0.58695652,0.40000000,0.63593938,1.05166087,0.14903455
2,20260607,2,test,multinomial_logistic,age_sex,1.00000000,198,0.45454545,0.49002101,0.42389125,0.30952381,0.68918919,0.32500000,0.76470588,0.45535714,0.25000000,0.44067797,0.54838710,0.28260870,0.64157826,1.06030697,0.08473648
2,20260607,2,val,multinomial_logistic,image_geometry_file,0.00100000,197,0.40609137,0.36840570,0.32411952,0.18279570,0.63440860,0.36363636,0.50000000,0.52678571,0.07843137,0.26771654,0.57560976,0.12903226,0.66296569,1.09334605,0.04686667
2,20260607,2,test,multinomial_logistic,image_geometry_file,0.00100000,198,0.43434343,0.38915374,0.33876933,0.23376623,0.63725490,0.15789474,0.52941176,0.58035714,0.05769231,0.32432432,0.60747664,0.08450704,0.66499750,1.09996094,0.07790787
2,20260607,2,val,multinomial_logistic,admin_index,0.00100000,197,0.23350254,0.30870682,0.21603345,0.11111111,0.66666667,0.28971963,0.26470588,0.05357143,0.60784314,0.15652174,0.09917355,0.39240506,0.66487693,1.09579509,0.12729203
2,20260607,2,test,multinomial_logistic,admin_index,0.00100000,198,0.19191919,0.27405193,0.17852953,0.11956522,0.40000000,0.24752475,0.32352941,0.01785714,0.48076923,0.17460317,0.03418803,0.32679739,0.66896616,1.10197956,0.16920514
2,20260607,2,val,multinomial_logistic,age_sex_geometry,0.00100000,197,0.49238579,0.52375117,0.47331515,0.36363636,0.72602740,0.34482759,0.70588235,0.47321429,0.39215686,0.48000000,0.57297297,0.36697248,0.58779399,0.99261870,0.09760832
2,20260607,2,test,multinomial_logistic,age_sex_geometry,0.00100000,198,0.42929293,0.47869532,0.42580804,0.35937500,0.57534247,0.32786885,0.67647059,0.37500000,0.38461538,0.46938776,0.45405405,0.35398230,0.63083033,1.04550853,0.10919980
2,20260607,2,val,multinomial_logistic,downstream_status,0.00100000,197,0.38578680,0.51289683,0.38981123,0.27027027,0.74193548,0.41818182,0.88235294,0.20535714,0.45098039,0.41379310,0.32167832,0.43396226,0.65535164,1.10005807,0.16545290
2,20260607,2,test,multinomial_logistic,downstream_status,0.00100000,198,0.33838384,0.48322021,0.34369146,0.24793388,0.58333333,0.43396226,0.88235294,0.12500000,0.44230769,0.38709677,0.20588235,0.43809524,0.64113090,1.02269873,0.16713128
2,20260607,2,val,multinomial_logistic,downstream_plus_age_sex,0.00100000,197,0.55837563,0.59984827,0.53377497,0.42253521,0.73493976,0.44186047,0.88235294,0.54464286,0.37254902,0.57142857,0.62564103,0.40425532,0.59641896,1.04382525,0.11209746
2,20260607,2,test,multinomial_logistic,downstream_plus_age_sex,0.00100000,198,0.56565657,0.59327192,0.54324710,0.36111111,0.75609756,0.54545455,0.76470588,0.55357143,0.46153846,0.49056604,0.63917526,0.50000000,0.57970987,0.96609678,0.07319881
2,20260607,3,val,majority_class,class_prior,,197,0.56852792,0.33333333,0.24163970,0.00000000,0.56852792,0.00000000,0.00000000,1.00000000,0.00000000,0.00000000,0.72491909,0.00000000,0.57999158,0.97414743,0.00287135
2,20260607,3,val,stratified_random,class_prior,,197,0.38071066,0.27900327,0.27828930,0.10256410,0.54782609,0.18604651,0.11764706,0.56250000,0.15686275,0.10958904,0.55506608,0.17021277,0.57999158,0.97414743,0.18494591
2,20260607,3,test,majority_class,class_prior,,197,0.56852792,0.33333333,0.24163970,0.00000000,0.56852792,0.00000000,0.00000000,1.00000000,0.00000000,0.00000000,0.72491909,0.00000000,0.57999158,0.97414743,0.00287135
2,20260607,3,test,stratified_random,class_prior,,197,0.37563452,0.29738562,0.29734384,0.11428571,0.56000000,0.22580645,0.11764706,0.50000000,0.27450980,0.11594203,0.52830189,0.24778761,0.57999158,0.97414743,0.19002205
2,20260607,3,val,multinomial_logistic,age_sex,0.10000000,197,0.51269036,0.54843604,0.48359970,0.42028986,0.65909091,0.35000000,0.85294118,0.51785714,0.27450980,0.56310680,0.58000000,0.30769231,0.58077115,0.95566771,0.07858919
2,20260607,3,test,multinomial_logistic,age_sex,0.10000000,197,0.52791878,0.55736461,0.48946705,0.38157895,0.71764706,0.38888889,0.85294118,0.54464286,0.27450980,0.52727273,0.61928934,0.32183908,0.59913792,0.99518201,0.07339651
2,20260607,3,val,multinomial_logistic,image_geometry_file,1.00000000,197,0.26395939,0.29096639,0.25493846,0.14285714,0.53658537,0.22580645,0.26470588,0.19642857,0.41176471,0.18556701,0.28758170,0.29166667,0.66771693,1.10021466,0.08629711
2,20260607,3,test,multinomial_logistic,image_geometry_file,1.00000000,197,0.28426396,0.34739729,0.28406714,0.20833333,0.61290323,0.23404255,0.44117647,0.16964286,0.43137255,0.28301887,0.26573427,0.30344828,0.66807856,1.10084202,0.06492306
2,20260607,3,val,multinomial_logistic,admin_index,0.10000000,197,0.17258883,0.24480626,0.15744097,0.08602151,0.33333333,0.24752475,0.23529412,0.00892857,0.49019608,0.12598425,0.01739130,0.32894737,0.66595725,1.09727035,0.18208795
2,20260607,3,test,multinomial_logistic,admin_index,0.10000000,197,0.22842640,0.30573063,0.21030360,0.10975610,0.62500000,0.28971963,0.26470588,0.04464286,0.60784314,0.15517241,0.08333333,0.39240506,0.66441311,1.09497537,0.12581423
2,20260607,3,val,multinomial_logistic,age_sex_geometry,0.00100000,197,0.49746193,0.56144958,0.49965965,0.45762712,0.71212121,0.33333333,0.79411765,0.41964286,0.47058824,0.58064516,0.52808989,0.39024390,0.56603269,0.91744754,0.04568222
2,20260607,3,test,multinomial_logistic,age_sex_geometry,0.00100000,197,0.49238579,0.53355509,0.47201544,0.38571429,0.71621622,0.32075472,0.79411765,0.47321429,0.33333333,0.51923077,0.56989247,0.32692308,0.59353210,0.99688921,0.06205929
2,20260607,3,val,multinomial_logistic,downstream_status,0.00100000,197,0.32994924,0.45909197,0.33387016,0.25217391,0.53125000,0.38000000,0.85294118,0.15178571,0.37254902,0.38926174,0.23611111,0.37623762,0.65738641,1.04208148,0.18185933
2,20260607,3,test,multinomial_logistic,downstream_status,0.00100000,197,0.39086294,0.50875350,0.39289959,0.27522936,0.72222222,0.40384615,0.88235294,0.23214286,0.41176471,0.41958042,0.35135135,0.40776699,0.65651673,1.11159267,0.15130138
2,20260607,3,val,multinomial_logistic,downstream_plus_age_sex,0.00100000,197,0.54314721,0.58438375,0.52596622,0.41791045,0.69879518,0.44680851,0.82352941,0.51785714,0.41176471,0.55445545,0.59487179,0.42857143,0.56512315,0.90986180,0.04520485
2,20260607,3,test,multinomial_logistic,downstream_plus_age_sex,0.00100000,197,0.52791878,0.57131186,0.49795295,0.37974684,0.73417722,0.41025641,0.88235294,0.51785714,0.31372549,0.53097345,0.60732984,0.35555556,0.59901043,1.05449083,0.08745345
2,20260607,4,val,majority_class,class_prior,,198,0.56565657,0.33333333,0.24086022,0.00000000,0.56565657,0.00000000,0.00000000,1.00000000,0.00000000,0.00000000,0.72258065,0.00000000,0.58157585,0.97598414,0.00095389
2,20260607,4,val,stratified_random,class_prior,,198,0.41919192,0.30528173,0.30226016,0.11111111,0.57500000,0.21568627,0.08823529,0.61607143,0.21153846,0.09836066,0.59482759,0.21359223,0.58157585,0.97598414,0.14741854
2,20260607,4,test,majority_class,class_prior,,197,0.56852792,0.33333333,0.24163970,0.00000000,0.56852792,0.00000000,0.00000000,1.00000000,0.00000000,0.00000000,0.72491909,0.00000000,0.57997883,0.97412736,0.00191746
2,20260607,4,test,stratified_random,class_prior,,197,0.36548223,0.24632353,0.24401217,0.00000000,0.53846154,0.18750000,0.00000000,0.56250000,0.17647059,0.00000000,0.55021834,0.18181818,0.57997883,0.97412736,0.20112822
2,20260607,4,val,multinomial_logistic,age_sex,0.00100000,198,0.47979798,0.49120610,0.43663373,0.34722222,0.72839506,0.24444444,0.73529412,0.52678571,0.21153846,0.47169811,0.61139896,0.22680412,0.59860790,0.97958863,0.06146914
2,20260607,4,test,multinomial_logistic,age_sex,0.00100000,197,0.51269036,0.56296685,0.50128721,0.43076923,0.68831169,0.36363636,0.82352941,0.47321429,0.39215686,0.56565657,0.56084656,0.37735849,0.56560240,0.91715252,0.03924983
2,20260607,4,val,multinomial_logistic,image_geometry_file,1.00000000,198,0.31313131,0.35913596,0.30820613,0.18055556,0.57142857,0.29761905,0.38235294,0.21428571,0.48076923,0.24528302,0.31168831,0.36764706,0.66511963,1.09669080,0.04559269
2,20260607,4,test,multinomial_logistic,image_geometry_file,1.00000000,197,0.24873096,0.27789449,0.24397791,0.14285714,0.53658537,0.20253165,0.32352941,0.19642857,0.31372549,0.19819820,0.28758170,0.24615385,0.66658728,1.09864296,0.10189129
2,20260607,4,val,multinomial_logistic,admin_index,0.01000000,198,0.19696970,0.27706852,0.18682985,0.10000000,0.28571429,0.29670330,0.29411765,0.01785714,0.51923077,0.14925373,0.03361345,0.37762238,0.66894145,1.10061199,0.18867156
2,20260607,4,test,multinomial_logistic,admin_index,0.01000000,197,0.16243655,0.23529412,0.15277778,0.08510638,0.00000000,0.25806452,0.23529412,0.00000000,0.47058824,0.12500000,0.00000000,0.33333333,0.66661277,1.09717986,0.22302650
2,20260607,4,val,multinomial_logistic,age_sex_geometry,0.01000000,198,0.48484848,0.49078862,0.44279903,0.35294118,0.72289157,0.25531915,0.70588235,0.53571429,0.23076923,0.47058824,0.61538462,0.24242424,0.60248732,0.98673333,0.06777857
2,20260607,4,test,multinomial_logistic,age_sex_geometry,0.01000000,197,0.48730964,0.54096639,0.47877857,0.43750000,0.67567568,0.30508475,0.82352941,0.44642857,0.35294118,0.57142857,0.53763441,0.32727273,0.57043517,0.92717009,0.05882133
2,20260607,4,val,multinomial_logistic,downstream_status,0.00100000,198,0.36868687,0.45990896,0.35998411,0.23770492,0.68888889,0.41935484,0.85294118,0.27678571,0.25000000,0.37179487,0.39490446,0.31325301,0.66356243,1.07142904,0.13749324
2,20260607,4,test,multinomial_logistic,downstream_status,0.00100000,197,0.31979695,0.44246032,0.32174924,0.24576271,0.50000000,0.37209302,0.85294118,0.16071429,0.31372549,0.38157895,0.24324324,0.34042553,0.65465815,1.04229801,0.14227743
2,20260607,4,val,multinomial_logistic,downstream_plus_age_sex,0.00100000,198,0.53535354,0.53759966,0.47664244,0.36986301,0.72340426,0.35483871,0.79411765,0.60714286,0.21153846,0.50467290,0.66019417,0.26506024,0.57862147,0.95990706,0.03226853
2,20260607,4,test,multinomial_logistic,downstream_plus_age_sex,0.00100000,197,0.53807107,0.57755602,0.51538772,0.42028986,0.68604651,0.42857143,0.85294118,0.52678571,0.35294118,0.56310680,0.59595960,0.38709677,0.55724375,0.90132657,0.02889084
3,20260608,0,val,majority_class,class_prior,,198,0.56565657,0.33333333,0.24086022,0.00000000,0.56565657,0.00000000,0.00000000,1.00000000,0.00000000,0.00000000,0.72258065,0.00000000,0.58158350,0.97599623,0.00191100
3,20260608,0,val,stratified_random,class_prior,,198,0.44949495,0.33683473,0.33515742,0.14285714,0.61538462,0.24528302,0.11764706,0.64285714,0.25000000,0.12903226,0.62882096,0.24761905,0.58158350,0.97599623,0.11807262
3,20260608,0,test,majority_class,class_prior,,198,0.56565657,0.33333333,0.24086022,0.00000000,0.56565657,0.00000000,0.00000000,1.00000000,0.00000000,0.00000000,0.72258065,0.00000000,0.58158350,0.97599623,0.00191100
3,20260608,0,test,stratified_random,class_prior,,198,0.41919192,0.32233086,0.32129944,0.20000000,0.54471545,0.22222222,0.17647059,0.59821429,0.19230769,0.18750000,0.57021277,0.20618557,0.58158350,0.97599623,0.14837565
3,20260608,0,val,multinomial_logistic,age_sex,0.10000000,198,0.51515152,0.54973335,0.48763418,0.34615385,0.76000000,0.40000000,0.79411765,0.50892857,0.34615385,0.48214286,0.60962567,0.37113402,0.61125183,1.00896264,0.07297709
3,20260608,0,test,multinomial_logistic,age_sex,0.10000000,198,0.53030303,0.57227699,0.50390037,0.42857143,0.71951220,0.34782609,0.88235294,0.52678571,0.30769231,0.57692308,0.60824742,0.32653061,0.59216249,0.97184531,0.09474827
3,20260608,0,val,multinomial_logistic,image_geometry_file,0.00100000,198,0.38888889,0.34911657,0.33830516,0.16216216,0.60759494,0.28048780,0.17647059,0.42857143,0.44230769,0.16901408,0.50261780,0.34328358,0.66666247,1.10037495,0.03617306
3,20260608,0,test,multinomial_logistic,image_geometry_file,0.00100000,198,0.38383838,0.34270631,0.33333333,0.15789474,0.60000000,0.27500000,0.17647059,0.42857143,0.42307692,0.16666667,0.50000000,0.33333333,0.67515839,1.11485650,0.06868397
3,20260608,0,val,multinomial_logistic,admin_index,0.01000000,198,0.19696970,0.28054299,0.17833800,0.09782609,0.00000000,0.29702970,0.26470588,0.00000000,0.57692308,0.14285714,0.00000000,0.39215686,0.66729895,1.09832004,0.19236167
3,20260608,0,test,multinomial_logistic,admin_index,0.01000000,198,0.17676768,0.25486156,0.16809703,0.09803922,0.14285714,0.26966292,0.29411765,0.00892857,0.46153846,0.14705882,0.01680672,0.34042553,0.67030617,1.10276725,0.20458448
3,20260608,0,val,multinomial_logistic,age_sex_geometry,0.10000000,198,0.51010101,0.54675716,0.48495967,0.36486486,0.78873239,0.33962264,0.79411765,0.50000000,0.34615385,0.50000000,0.61202186,0.34285714,0.61401257,1.01351867,0.06496848
3,20260608,0,test,multinomial_logistic,age_sex_geometry,0.10000000,198,0.49494949,0.55831179,0.48454880,0.42857143,0.70422535,0.31578947,0.88235294,0.44642857,0.34615385,0.57692308,0.54644809,0.33027523,0.60087693,0.98335880,0.06431475
3,20260608,0,val,multinomial_logistic,downstream_status,0.00100000,198,0.32323232,0.44681911,0.32611503,0.23437500,0.51351351,0.45454545,0.88235294,0.16964286,0.28846154,0.37037037,0.25503356,0.35294118,0.65589665,1.06177795,0.14796478
3,20260608,0,test,multinomial_logistic,downstream_status,0.00100000,198,0.35858586,0.48474197,0.35762570,0.25600000,0.63888889,0.43243243,0.94117647,0.20535714,0.30769231,0.40251572,0.31081081,0.35955056,0.65682526,1.05843539,0.16430053
3,20260608,0,val,multinomial_logistic,downstream_plus_age_sex,0.00100000,198,0.57070707,0.57560332,0.52286119,0.36000000,0.75268817,0.53333333,0.79411765,0.62500000,0.30769231,0.49541284,0.68292683,0.39024390,0.57428050,0.95584240,0.06991341
3,20260608,0,test,multinomial_logistic,downstream_plus_age_sex,0.00100000,198,0.55555556,0.58028981,0.51573127,0.44117647,0.70212766,0.38888889,0.88235294,0.58928571,0.26923077,0.58823529,0.64077670,0.31818182,0.55884447,0.90848573,0.05573273
3,20260608,1,val,majority_class,class_prior,,198,0.56565657,0.33333333,0.24086022,0.00000000,0.56565657,0.00000000,0.00000000,1.00000000,0.00000000,0.00000000,0.72258065,0.00000000,0.58158350,0.97599623,0.00191100
3,20260608,1,val,stratified_random,class_prior,,198,0.40404040,0.30314049,0.30101609,0.16129032,0.53658537,0.20454545,0.14705882,0.58928571,0.17307692,0.15384615,0.56170213,0.18750000,0.58158350,0.97599623,0.16352716
3,20260608,1,test,majority_class,class_prior,,198,0.56565657,0.33333333,0.24086022,0.00000000,0.56565657,0.00000000,0.00000000,1.00000000,0.00000000,0.00000000,0.72258065,0.00000000,0.58158350,0.97599623,0.00191100
3,20260608,1,test,stratified_random,class_prior,,198,0.43939394,0.35479961,0.35479839,0.18918919,0.57391304,0.30434783,0.20588235,0.58928571,0.26923077,0.19718310,0.58149780,0.28571429,0.58158350,0.97599623,0.12817363
3,20260608,1,val,multinomial_logistic,age_sex,0.10000000,198,0.51515152,0.57009535,0.47792183,0.39759036,0.73076923,0.32432432,0.97058824,0.50892857,0.23076923,0.56410256,0.60000000,0.26966292,0.58917599,0.96968420,0.07743097
3,20260608,1,test,multinomial_logistic,age_sex,0.10000000,198,0.48484848,0.53187621,0.46370446,0.31034483,0.76119403,0.40909091,0.79411765,0.45535714,0.34615385,0.44628099,0.56983240,0.37500000,0.61124096,1.01219094,0.07102422
3,20260608,1,val,multinomial_logistic,image_geometry_file,0.00100000,198,0.46464646,0.36652930,0.32651321,0.00000000,0.59633028,0.31395349,0.00000000,0.58035714,0.51923077,0.00000000,0.58823529,0.39130435,0.66527784,1.09674166,0.10409561
3,20260608,1,test,multinomial_logistic,image_geometry_file,0.00100000,198,0.42929293,0.34226190,0.30587718,0.00000000,0.57281553,0.29213483,0.00000000,0.52678571,0.50000000,0.00000000,0.54883721,0.36879433,0.66678130,1.10054066,0.06514867
3,20260608,1,val,multinomial_logistic,admin_index,0.10000000,198,0.17171717,0.23483624,0.16105305,0.07526882,0.20000000,0.26315789,0.20588235,0.01785714,0.48076923,0.11023622,0.03278689,0.34013605,0.66708244,1.09825464,0.19147530
3,20260608,1,test,multinomial_logistic,admin_index,0.10000000,198,0.19696970,0.28054299,0.17748918,0.09782609,0.00000000,0.29411765,0.26470588,0.00000000,0.57692308,0.14285714,0.00000000,0.38961039,0.66649958,1.09750198,0.16819111
3,20260608,1,val,multinomial_logistic,age_sex_geometry,1.00000000,198,0.50000000,0.55086458,0.45044631,0.36666667,0.72151899,0.31034483,0.97058824,0.50892857,0.17307692,0.53225806,0.59685864,0.22222222,0.63469193,1.04967931,0.13022183
3,20260608,1,test,multinomial_logistic,age_sex_geometry,1.00000000,198,0.48989899,0.54846746,0.46535747,0.32258065,0.79687500,0.39024390,0.88235294,0.45535714,0.30769231,0.47244094,0.57954545,0.34408602,0.64350185,1.06340833,0.12309607
3,20260608,1,val,multinomial_logistic,downstream_status,0.00100000,198,0.39898990,0.52232816,0.40469342,0.26956522,0.70270270,0.47826087,0.91176471,0.23214286,0.42307692,0.41610738,0.34899329,0.44897959,0.64267975,1.03556130,0.10804876
3,20260608,1,test,multinomial_logistic,downstream_status,0.00100000,198,0.33838384,0.46604988,0.34564457,0.23437500,0.57575758,0.48648649,0.88235294,0.16964286,0.34615385,0.37037037,0.26206897,0.40449438,0.65412285,1.06003837,0.13496619
3,20260608,1,val,multinomial_logistic,downstream_plus_age_sex,0.00100000,198,0.54040404,0.59527850,0.50691407,0.38372093,0.74683544,0.45454545,0.97058824,0.52678571,0.28846154,0.55000000,0.61780105,0.35294118,0.56587001,0.91923603,0.04662384
3,20260608,1,test,multinomial_logistic,downstream_plus_age_sex,0.00100000,198,0.56060606,0.57643827,0.51089073,0.33333333,0.77272727,0.60869565,0.85294118,0.60714286,0.26923077,0.47933884,0.68000000,0.37333333,0.57687224,0.96366879,0.05022010
3,20260608,2,val,majority_class,class_prior,,197,0.56852792,0.33333333,0.24163970,0.00000000,0.56852792,0.00000000,0.00000000,1.00000000,0.00000000,0.00000000,0.72491909,0.00000000,0.57997883,0.97412736,0.00191746
3,20260608,2,val,stratified_random,class_prior,,197,0.42131980,0.33426704,0.33491175,0.15000000,0.56637168,0.29545455,0.17647059,0.57142857,0.25490196,0.16216216,0.56888889,0.27368421,0.57997883,0.97412736,0.14529066
3,20260608,2,test,majority_class,class_prior,,198,0.56565657,0.33333333,0.24086022,0.00000000,0.56565657,0.00000000,0.00000000,1.00000000,0.00000000,0.00000000,0.72258065,0.00000000,0.58157585,0.97598414,0.00095389
3,20260608,2,test,stratified_random,class_prior,,198,0.39393939,0.30409664,0.30439693,0.11428571,0.53508772,0.26530612,0.11764706,0.54464286,0.25000000,0.11594203,0.53982301,0.25742574,0.58157585,0.97598414,0.17267106
3,20260608,2,val,multinomial_logistic,age_sex,0.01000000,197,0.54822335,0.53571429,0.50497757,0.32835821,0.70103093,0.54545455,0.64705882,0.60714286,0.35294118,0.43564356,0.65071770,0.42857143,0.60079238,0.98696217,0.10916874
3,20260608,2,test,multinomial_logistic,age_sex,0.01000000,198,0.55050505,0.57040509,0.49339966,0.42465753,0.70833333,0.34482759,0.91176471,0.60714286,0.19230769,0.57943925,0.65384615,0.24691358,0.57537987,0.93149029,0.09141027
3,20260608,2,val,multinomial_logistic,image_geometry_file,0.10000000,197,0.35025381,0.33239963,0.29886581,0.14285714,0.64864865,0.45454545,0.47058824,0.42857143,0.09803922,0.21917808,0.51612903,0.16129032,0.67396330,1.11148904,0.03367534
3,20260608,2,test,multinomial_logistic,image_geometry_file,0.10000000,198,0.34848485,0.38295895,0.29883776,0.20512821,0.60294118,0.30769231,0.70588235,0.36607143,0.07692308,0.31788079,0.45555556,0.12307692,0.66038135,1.08697172,0.06116788
3,20260608,2,val,multinomial_logistic,admin_index,0.00100000,197,0.52284264,0.44123483,0.40297754,0.66666667,0.67676768,0.35789474,0.05882353,0.59821429,0.66666667,0.10810811,0.63507109,0.46575342,0.66359886,1.09403914,0.18065288
3,20260608,2,test,multinomial_logistic,admin_index,0.00100000,198,0.44949495,0.36438806,0.34478644,1.00000000,0.62626263,0.25773196,0.05882353,0.55357143,0.48076923,0.11111111,0.58767773,0.33557047,0.66645955,1.09837089,0.10731886
3,20260608,2,val,multinomial_logistic,age_sex_geometry,0.00100000,197,0.54314721,0.53629785,0.50253870,0.31884058,0.73333333,0.50000000,0.64705882,0.58928571,0.37254902,0.42718447,0.65346535,0.42696629,0.59797950,0.99003117,0.07170691
3,20260608,2,test,multinomial_logistic,age_sex_geometry,0.00100000,198,0.51515152,0.54957175,0.47291138,0.43661972,0.67032967,0.27777778,0.91176471,0.54464286,0.19230769,0.59047619,0.60098522,0.22727273,0.57811755,0.93310889,0.04046518
3,20260608,2,val,multinomial_logistic,downstream_status,0.01000000,197,0.35532995,0.44963819,0.35231272,0.26470588,0.61363636,0.31372549,0.79411765,0.24107143,0.31372549,0.39705882,0.34615385,0.31372549,0.67096084,1.06617764,0.18029350
3,20260608,2,test,multinomial_logistic,downstream_status,0.01000000,198,0.38888889,0.51294172,0.39341643,0.26956522,0.67567568,0.45652174,0.91176471,0.22321429,0.40384615,0.41610738,0.33557047,0.42857143,0.64060245,1.03129795,0.10329498
3,20260608,2,val,multinomial_logistic,downstream_plus_age_sex,0.01000000,197,0.47208122,0.48068394,0.44416977,0.33870968,0.64705882,0.34000000,0.61764706,0.49107143,0.33333333,0.43750000,0.55837563,0.33663366,0.62428262,1.01700840,0.10947344
3,20260608,2,test,multinomial_logistic,downstream_plus_age_sex,0.01000000,198,0.56060606,0.60039593,0.52694458,0.39743590,0.76829268,0.44736842,0.91176471,0.56250000,0.32692308,0.55357143,0.64948454,0.37777778,0.56605957,0.91470158,0.06869455
3,20260608,3,val,majority_class,class_prior,,197,0.56852792,0.33333333,0.24163970,0.00000000,0.56852792,0.00000000,0.00000000,1.00000000,0.00000000,0.00000000,0.72491909,0.00000000,0.57999158,0.97414743,0.00287135
3,20260608,3,val,stratified_random,class_prior,,197,0.42639594,0.35119048,0.35085337,0.18421053,0.56880734,0.30000000,0.20588235,0.55357143,0.29411765,0.19444444,0.56108597,0.29702970,0.57999158,0.97414743,0.13926063
3,20260608,3,test,majority_class,class_prior,,197,0.56852792,0.33333333,0.24163970,0.00000000,0.56852792,0.00000000,0.00000000,1.00000000,0.00000000,0.00000000,0.72491909,0.00000000,0.57999158,0.97414743,0.00287135
3,20260608,3,test,stratified_random,class_prior,,197,0.37055838,0.27305089,0.27128486,0.13793103,0.50413223,0.17021277,0.11764706,0.54464286,0.15686275,0.12698413,0.52360515,0.16326531,0.57999158,0.97414743,0.19509819
3,20260608,3,val,multinomial_logistic,age_sex,0.00100000,197,0.47715736,0.46912932,0.42977208,0.35483871,0.63541667,0.28205128,0.64705882,0.54464286,0.21568627,0.45833333,0.58653846,0.24444444,0.59550581,0.99876893,0.03625344
3,20260608,3,test,multinomial_logistic,age_sex,0.00100000,197,0.54822335,0.55322129,0.51666514,0.36507937,0.71111111,0.47727273,0.67647059,0.57142857,0.41176471,0.47422680,0.63366337,0.44210526,0.58135431,0.97066623,0.09358290
3,20260608,3,val,multinomial_logistic,image_geometry_file,1.00000000,197,0.34010152,0.44426937,0.34142015,0.22500000,0.71875000,0.37777778,0.79411765,0.20535714,0.33333333,0.35064935,0.31944444,0.35416667,0.66089331,1.08984926,0.01008172
3,20260608,3,test,multinomial_logistic,image_geometry_file,1.00000000,197,0.25380711,0.30730626,0.24912660,0.15126050,0.62857143,0.23255814,0.52941176,0.19642857,0.19607843,0.23529412,0.29931973,0.21276596,0.66893523,1.10242155,0.09579924
3,20260608,3,val,multinomial_logistic,admin_index,1.00000000,197,0.15736041,0.22549020,0.14172149,0.07446809,0.00000000,0.23762376,0.20588235,0.00000000,0.47058824,0.10937500,0.00000000,0.31578947,0.66690580,1.09888745,0.18313563
3,20260608,3,test,multinomial_logistic,admin_index,1.00000000,197,0.24873096,0.36928105,0.22731325,0.15151515,0.00000000,0.34693878,0.44117647,0.00000000,0.66666667,0.22556391,0.00000000,0.45637584,0.66428084,1.09498912,0.09102233
3,20260608,3,val,multinomial_logistic,age_sex_geometry,1.00000000,197,0.49238579,0.51873249,0.43900613,0.33333333,0.65555556,0.45000000,0.85294118,0.52678571,0.17647059,0.47933884,0.58415842,0.25352113,0.63287592,1.04724308,0.11666676
3,20260608,3,test,multinomial_logistic,age_sex_geometry,1.00000000,197,0.49746193,0.46440243,0.44233397,0.24657534,0.68041237,0.51851852,0.52941176,0.58928571,0.27450980,0.33644860,0.63157895,0.35897436,0.63443360,1.04882095,0.11792190
3,20260608,3,val,multinomial_logistic,downstream_status,0.10000000,197,0.32487310,0.47718254,0.32802227,0.24390244,0.57894737,0.41818182,0.88235294,0.09821429,0.45098039,0.38216561,0.16793893,0.43396226,0.64570295,1.05908044,0.16783927
3,20260608,3,test,multinomial_logistic,downstream_status,0.10000000,197,0.35532995,0.46387722,0.35716867,0.26470588,0.63888889,0.33898305,0.79411765,0.20535714,0.39215686,0.39705882,0.31081081,0.36363636,0.66741694,1.06724579,0.18668825
3,20260608,3,val,multinomial_logistic,downstream_plus_age_sex,0.10000000,197,0.50253807,0.56028245,0.48877666,0.39189189,0.68000000,0.39583333,0.85294118,0.45535714,0.37254902,0.53703704,0.54545455,0.38383838,0.58879179,0.98380490,0.05236420
3,20260608,3,test,multinomial_logistic,downstream_plus_age_sex,0.10000000,197,0.49238579,0.51663165,0.47019035,0.36923077,0.64705882,0.38297872,0.70588235,0.49107143,0.35294118,0.48484848,0.55837563,0.36734694,0.61068132,0.99296668,0.10052969
3,20260608,4,val,majority_class,class_prior,,198,0.56565657,0.33333333,0.24086022,0.00000000,0.56565657,0.00000000,0.00000000,1.00000000,0.00000000,0.00000000,0.72258065,0.00000000,0.58157585,0.97598414,0.00095389
3,20260608,4,val,stratified_random,class_prior,,198,0.39898990,0.31042609,0.30940434,0.17142857,0.53846154,0.21739130,0.17647059,0.56250000,0.19230769,0.17391304,0.55021834,0.20408163,0.58157585,0.97598414,0.16762056
3,20260608,4,test,majority_class,class_prior,,197,0.56852792,0.33333333,0.24163970,0.00000000,0.56852792,0.00000000,0.00000000,1.00000000,0.00000000,0.00000000,0.72491909,0.00000000,0.57997883,0.97412736,0.00191746
3,20260608,4,test,stratified_random,class_prior,,197,0.43654822,0.36070261,0.36038159,0.21875000,0.58333333,0.28070175,0.20588235,0.56250000,0.31372549,0.21212121,0.57272727,0.29629630,0.57997883,0.97412736,0.13006223
3,20260608,4,val,multinomial_logistic,age_sex,0.01000000,198,0.51010101,0.55697856,0.48785034,0.39726027,0.74324324,0.33333333,0.85294118,0.49107143,0.32692308,0.54205607,0.59139785,0.33009709,0.56711214,0.92335540,0.06518463
3,20260608,4,test,multinomial_logistic,age_sex,0.01000000,197,0.46700508,0.50916200,0.45557127,0.33823529,0.68115942,0.36666667,0.67647059,0.41964286,0.43137255,0.45098039,0.51933702,0.39639640,0.60318537,1.00437473,0.04927203
3,20260608,4,val,multinomial_logistic,image_geometry_file,0.00100000,198,0.32323232,0.37890541,0.30978344,0.20000000,0.64516129,0.29464286,0.32352941,0.17857143,0.63461538,0.24719101,0.27972028,0.40243902,0.67134317,1.10732692,0.05142662
3,20260608,4,test,multinomial_logistic,image_geometry_file,0.00100000,197,0.29949239,0.30882353,0.27948718,0.15909091,0.63636364,0.22018349,0.20588235,0.25000000,0.47058824,0.17948718,0.35897436,0.30000000,0.65819597,1.08729984,0.14770495
3,20260608,4,val,multinomial_logistic,admin_index,0.01000000,198,0.18181818,0.25783775,0.17468771,0.09900990,0.22222222,0.27272727,0.29411765,0.01785714,0.46153846,0.14814815,0.03305785,0.34285714,0.67208790,1.10432043,0.20180117
3,20260608,4,test,multinomial_logistic,admin_index,0.01000000,197,0.16751269,0.22461485,0.15604922,0.06593407,0.37500000,0.24489796,0.17647059,0.02678571,0.47058824,0.09600000,0.05000000,0.32214765,0.67350522,1.10585575,0.21811720
3,20260608,4,val,multinomial_logistic,age_sex_geometry,0.01000000,198,0.50000000,0.54419845,0.48069716,0.40579710,0.72972973,0.30909091,0.82352941,0.48214286,0.32692308,0.54368932,0.58064516,0.31775701,0.57167474,0.92785394,0.08657699
3,20260608,4,test,multinomial_logistic,age_sex_geometry,0.01000000,197,0.48730964,0.53174603,0.47635700,0.32857143,0.71641791,0.41666667,0.67647059,0.42857143,0.49019608,0.44230769,0.53631285,0.45045045,0.59998634,0.99882175,0.03344614
3,20260608,4,val,multinomial_logistic,downstream_status,0.01000000,198,0.31818182,0.47462831,0.31629681,0.25384615,0.54545455,0.39130435,0.97058824,0.10714286,0.34615385,0.40243902,0.17910448,0.36734694,0.65823079,1.05402807,0.14040399
3,20260608,4,test,multinomial_logistic,downstream_status,0.01000000,197,0.34517766,0.47484827,0.34900291,0.24193548,0.67857143,0.42222222,0.88235294,0.16964286,0.37254902,0.37974684,0.27142857,0.39583333,0.65398531,1.09264139,0.15161139
3,20260608,4,val,multinomial_logistic,downstream_plus_age_sex,0.00100000,198,0.55050505,0.58761582,0.51922604,0.40000000,0.72941176,0.44736842,0.88235294,0.55357143,0.32692308,0.55045872,0.62944162,0.37777778,0.55459259,0.90039015,0.03163619
3,20260608,4,test,multinomial_logistic,downstream_plus_age_sex,0.00100000,197,0.47715736,0.51453081,0.45737082,0.34246575,0.68918919,0.36000000,0.73529412,0.45535714,0.35294118,0.46728972,0.54838710,0.35643564,0.59221871,1.03362942,0.09843583
