model_id,kind,deployment_role,repeat,seed,fold,n,accuracy,balanced_accuracy,macro_f1,ordinal_mae,adjacent_accuracy,two_grade_error_rate,quadratic_weighted_kappa,severe_auroc_from_prob_3
age_sex,metadata_guardrail,metadata guardrail,1,20260606,0,198,0.5202020202020202,0.5663650075414782,0.4988811651770937,0.5656565656565656,0.9141414141414141,0.08585858585858586,0.3059636992221262,0.6334299262381454
age_sex,metadata_guardrail,metadata guardrail,1,20260606,1,198,0.5404040404040404,0.5851379013143719,0.5169762137504073,0.5656565656565656,0.8939393939393939,0.10606060606060606,0.28402366863905326,0.563026870389884
age_sex,metadata_guardrail,metadata guardrail,1,20260606,2,198,0.5202020202020202,0.5424881491057962,0.49625004791396293,0.5606060606060606,0.9191919191919192,0.08080808080808081,0.2885572139303483,0.5885800842992623
age_sex,metadata_guardrail,metadata guardrail,1,20260606,3,197,0.5076142131979695,0.5077614379084968,0.4621786492374727,0.5888324873096447,0.9035532994923858,0.09644670050761421,0.20887660373422345,0.5398200376040828
age_sex,metadata_guardrail,metadata guardrail,1,20260606,4,197,0.5126903553299492,0.5318043884220355,0.4825352617315171,0.5786802030456852,0.9086294416243654,0.09137055837563451,0.2560422960725076,0.6097233413913511
age_sex,metadata_guardrail,metadata guardrail,2,20260607,0,198,0.47474747474747475,0.4882299073475544,0.432753503334725,0.6666666666666666,0.8585858585858586,0.1414141414141414,0.10086956521739132,0.4895943097997893
age_sex,metadata_guardrail,metadata guardrail,2,20260607,1,198,0.5757575757575758,0.5991031027795733,0.5373606777104186,0.5303030303030303,0.8939393939393939,0.10606060606060606,0.2904782799473453,0.6153846153846154
age_sex,metadata_guardrail,metadata guardrail,2,20260607,2,198,0.45454545454545453,0.4900210084033613,0.4238912528426874,0.6666666666666666,0.8787878787878788,0.12121212121212122,0.17431192660550454,0.571786090621707
age_sex,metadata_guardrail,metadata guardrail,2,20260607,3,197,0.5279187817258884,0.5573646125116714,0.4894670492780067,0.5634517766497462,0.9086294416243654,0.09137055837563451,0.27907092534043665,0.5899811979586356
age_sex,metadata_guardrail,metadata guardrail,2,20260607,4,197,0.5126903553299492,0.5629668534080299,0.5012872056897214,0.5532994923857868,0.934010152284264,0.06598984771573604,0.3469613259668508,0.6293311845286059
age_sex,metadata_guardrail,metadata guardrail,3,20260608,0,198,0.5303030303030303,0.5722769877181643,0.503900370616129,0.5555555555555556,0.9141414141414141,0.08585858585858586,0.30220264317180623,0.506059009483667
age_sex,metadata_guardrail,metadata guardrail,3,20260608,1,198,0.48484848484848486,0.5318762120232708,0.4637044646567247,0.6414141414141414,0.8737373737373737,0.12626262626262627,0.21269712899312576,0.5375395152792413
age_sex,metadata_guardrail,metadata guardrail,3,20260608,2,198,0.5505050505050505,0.5704050851109674,0.493399662143172,0.5353535353535354,0.9141414141414141,0.08585858585858586,0.2857142857142857,0.6034641728134879
age_sex,metadata_guardrail,metadata guardrail,3,20260608,3,197,0.5482233502538071,0.5532212885154061,0.5166651445394133,0.5279187817258884,0.9238578680203046,0.07614213197969544,0.31380296334806346,0.6655922643029816
age_sex,metadata_guardrail,metadata guardrail,3,20260608,4,197,0.467005076142132,0.5091619981325864,0.45557126837594825,0.6243654822335025,0.9086294416243654,0.09137055837563451,0.2583287950181139,0.6385307547676605
downstream_plus_age_sex,upper_bound,non-deployment upper-bound sensitivity,1,20260606,0,198,0.5252525252525253,0.5727348631760396,0.5000575313717711,0.5454545454545454,0.9292929292929293,0.0707070707070707,0.35350043215211757,0.6979715489989462
downstream_plus_age_sex,upper_bound,non-deployment upper-bound sensitivity,1,20260606,1,198,0.5808080808080808,0.6192496229260935,0.559809253926901,0.4898989898989899,0.9292929292929293,0.0707070707070707,0.38970261873058143,0.6631322444678609
downstream_plus_age_sex,upper_bound,non-deployment upper-bound sensitivity,1,20260606,2,198,0.5353535353535354,0.5513359189829777,0.49368865791234423,0.5606060606060606,0.9040404040404041,0.09595959595959595,0.26403233048944763,0.6438356164383562
downstream_plus_age_sex,upper_bound,non-deployment upper-bound sensitivity,1,20260606,3,197,0.5279187817258884,0.5368814192343604,0.48434412524699805,0.5583756345177665,0.9137055837563451,0.08629441624365482,0.265458311755567,0.5519742143432715
downstream_plus_age_sex,upper_bound,non-deployment upper-bound sensitivity,1,20260606,4,197,0.5482233502538071,0.5731209150326797,0.5140855794122126,0.5329949238578681,0.9187817258883249,0.08121827411167512,0.32261626885525685,0.6495433789954339
downstream_plus_age_sex,upper_bound,non-deployment upper-bound sensitivity,2,20260607,0,198,0.5353535353535354,0.537599655246714,0.4762820512820512,0.5656565656565656,0.898989898989899,0.10101010101010101,0.22592592592592597,0.5414251844046364
downstream_plus_age_sex,upper_bound,non-deployment upper-bound sensitivity,2,20260607,1,198,0.5656565656565656,0.5999380521439345,0.5281609195402299,0.5151515151515151,0.9191919191919192,0.08080808080808081,0.34893992932862195,0.6896074815595363
downstream_plus_age_sex,upper_bound,non-deployment upper-bound sensitivity,2,20260607,2,198,0.5656565656565656,0.5932719241542771,0.5432470984892692,0.5151515151515151,0.9191919191919192,0.08080808080808081,0.3529411764705882,0.6865779768177028
downstream_plus_age_sex,upper_bound,non-deployment upper-bound sensitivity,2,20260607,3,197,0.5279187817258884,0.5713118580765639,0.4979529499383088,0.5634517766497462,0.9086294416243654,0.09137055837563451,0.2996783632802109,0.6585414987912974
downstream_plus_age_sex,upper_bound,non-deployment upper-bound sensitivity,2,20260607,4,197,0.5380710659898477,0.5775560224089636,0.515387722089883,0.5177664974619289,0.9441624365482234,0.05583756345177665,0.38203895775360486,0.6539752887456354
downstream_plus_age_sex,upper_bound,non-deployment upper-bound sensitivity,3,20260608,0,198,0.5555555555555556,0.5802898082309847,0.5157312704428638,0.5151515151515151,0.9292929292929293,0.0707070707070707,0.3361188486536676,0.5848261327713382
downstream_plus_age_sex,upper_bound,non-deployment upper-bound sensitivity,3,20260608,1,198,0.5606060606060606,0.5764382676147382,0.51089072543618,0.5555555555555556,0.8838383838383839,0.11616161616161616,0.24868651488616456,0.6211801896733404
downstream_plus_age_sex,upper_bound,non-deployment upper-bound sensitivity,3,20260608,2,198,0.5606060606060606,0.6003959276018099,0.5269445808105603,0.5353535353535354,0.9040404040404041,0.09595959595959595,0.31190269331016507,0.6583245521601686
downstream_plus_age_sex,upper_bound,non-deployment upper-bound sensitivity,3,20260608,3,197,0.49238578680203043,0.5166316526610645,0.47019035271392057,0.5736040609137056,0.934010152284264,0.06598984771573604,0.3053702341391643,0.5952189094816008
downstream_plus_age_sex,upper_bound,non-deployment upper-bound sensitivity,3,20260608,4,197,0.47715736040609136,0.51453081232493,0.4573708199882394,0.6192893401015228,0.9035532994923858,0.09644670050761421,0.2451745773265004,0.6545796400752082
image_efficientnet_b0,image_only,primary image-only baseline,1,20260606,0,198,0.5707070707070707,0.5382730015082956,0.5373737373737374,0.45454545454545453,0.9747474747474747,0.025252525252525252,0.4161358811040339,0.7050842992623814
image_efficientnet_b0,image_only,primary image-only baseline,1,20260606,1,198,0.5,0.44529734970911444,0.44804147465437794,0.5353535353535354,0.9646464646464646,0.03535353535353535,0.2794759825327512,0.6447576396206534
image_efficientnet_b0,image_only,primary image-only baseline,1,20260606,2,198,0.5707070707070707,0.5587965955613015,0.5431761221234904,0.46464646464646464,0.9646464646464646,0.03535353535353535,0.42105263157894723,0.7662012644889357
image_efficientnet_b0,image_only,primary image-only baseline,1,20260606,3,197,0.583756345177665,0.5606909430438842,0.5502456507780654,0.4619289340101523,0.9543147208121827,0.04568527918781726,0.3768898174748265,0.6637120601665323
image_efficientnet_b0,image_only,primary image-only baseline,1,20260606,4,197,0.49746192893401014,0.46527777777777773,0.4552845528455285,0.5482233502538071,0.9543147208121827,0.04568527918781726,0.294187898089172,0.7031963470319634
image_efficientnet_b0,image_only,primary image-only baseline,2,20260607,0,198,0.5454545454545454,0.5063429217840982,0.5015419963432196,0.48484848484848486,0.9696969696969697,0.030303030303030304,0.3806047966631909,0.7266859852476291
image_efficientnet_b0,image_only,primary image-only baseline,2,20260607,1,198,0.5,0.46913380736910143,0.4641392761186794,0.5505050505050505,0.9494949494949495,0.050505050505050504,0.26514759192128434,0.6161749209694415
image_efficientnet_b0,image_only,primary image-only baseline,2,20260607,2,198,0.5202020202020202,0.5015621633268692,0.48851931789457304,0.51010101010101,0.9696969696969697,0.030303030303030304,0.36678553234844624,0.6538461538461537
image_efficientnet_b0,image_only,primary image-only baseline,2,20260607,3,197,0.4619289340101523,0.45098039215686275,0.43282163271719015,0.583756345177665,0.9543147208121827,0.04568527918781726,0.27973719658025664,0.7048079505774912
image_efficientnet_b0,image_only,primary image-only baseline,2,20260607,4,197,0.5380710659898477,0.5620915032679739,0.5279143897996357,0.5177664974619289,0.9441624365482234,0.05583756345177665,0.37274034511092846,0.7190437818963201
image_efficientnet_b0,image_only,primary image-only baseline,3,20260608,0,198,0.5151515151515151,0.4917986425339367,0.48279516203880474,0.5202020202020202,0.9646464646464646,0.03535353535353535,0.34370219275879654,0.637118018967334
image_efficientnet_b0,image_only,primary image-only baseline,3,20260608,1,198,0.4898989898989899,0.4666154923507864,0.4561693319278755,0.5404040404040404,0.9696969696969697,0.030303030303030304,0.33180193976518624,0.6770284510010538
image_efficientnet_b0,image_only,primary image-only baseline,3,20260608,2,198,0.5808080808080808,0.5715363068304246,0.5546741249258412,0.4797979797979798,0.9393939393939394,0.06060606060606061,0.3573883161512028,0.7492096944151738
image_efficientnet_b0,image_only,primary image-only baseline,3,20260608,3,197,0.5532994923857868,0.5410247432306255,0.5259722436656201,0.47715736040609136,0.9695431472081218,0.030456852791878174,0.41722482697030594,0.7360999194198227
image_efficientnet_b0,image_only,primary image-only baseline,3,20260608,4,197,0.48223350253807107,0.42547852474323067,0.4235979441458893,0.5685279187817259,0.949238578680203,0.050761421319796954,0.22556435761510507,0.6633091592801503
image_finetuned_efficientnet_b0,image_only,single lightly fine-tuned same-split comparator,1,20260606,0,198,0.5858585858585859,0.5951168929110106,0.5723873757238738,0.4444444444444444,0.9696969696969697,0.030303030303030304,0.4696239151398265,0.7452581664910433
image_finetuned_efficientnet_b0,image_only,single lightly fine-tuned same-split comparator,1,20260606,1,198,0.5,0.5580963154492566,0.49432641432641433,0.5808080808080808,0.9191919191919192,0.08080808080808081,0.33756657107742727,0.696917808219178
image_finetuned_efficientnet_b0,image_only,single lightly fine-tuned same-split comparator,1,20260606,2,198,0.48484848484848486,0.5081609566903684,0.47771476540778685,0.5707070707070707,0.9444444444444444,0.05555555555555555,0.32407828857533005,0.6599051633298209
image_finetuned_efficientnet_b0,image_only,single lightly fine-tuned same-split comparator,1,20260606,3,197,0.4873096446700508,0.5415499533146592,0.4790779790779791,0.5736040609137056,0.9390862944162437,0.06091370558375635,0.35409836065573774,0.6403438087563793
image_finetuned_efficientnet_b0,image_only,single lightly fine-tuned same-split comparator,1,20260606,4,197,0.4720812182741117,0.529936974789916,0.46976780857528494,0.583756345177665,0.9441624365482234,0.05583756345177665,0.3658450621490167,0.7350255170561375
image_finetuned_efficientnet_b0,image_only,single lightly fine-tuned same-split comparator,2,20260607,0,198,0.4696969696969697,0.5128474466709761,0.4635699264809512,0.5858585858585859,0.9444444444444444,0.05555555555555555,0.3439930855661193,0.7579030558482613
image_finetuned_efficientnet_b0,image_only,single lightly fine-tuned same-split comparator,2,20260607,1,198,0.47474747474747475,0.5430537599655246,0.46648740736285194,0.6161616161616161,0.9090909090909091,0.09090909090909091,0.29578606158833065,0.702713382507903
image_finetuned_efficientnet_b0,image_only,single lightly fine-tuned same-split comparator,2,20260607,2,198,0.51010101010101,0.5230419090713209,0.4910705711267509,0.5505050505050505,0.9393939393939394,0.06060606060606061,0.33530213539300313,0.6521338250790306
image_finetuned_efficientnet_b0,image_only,single lightly fine-tuned same-split comparator,2,20260607,3,197,0.43147208121827413,0.48237628384687214,0.43230979034602646,0.6243654822335025,0.9441624365482234,0.05583756345177665,0.3176878060432342,0.7104485629868386
image_finetuned_efficientnet_b0,image_only,single lightly fine-tuned same-split comparator,2,20260607,4,197,0.4873096446700508,0.5175070028011204,0.469543732631492,0.5939086294416244,0.9187817258883249,0.08121827411167512,0.2840207820084396,0.6865431103948428
image_finetuned_efficientnet_b0,image_only,single lightly fine-tuned same-split comparator,3,20260608,0,198,0.51010101010101,0.5743104934281404,0.5108799313144088,0.5454545454545454,0.9444444444444444,0.05555555555555555,0.3976411120471778,0.7156217070600632
image_finetuned_efficientnet_b0,image_only,single lightly fine-tuned same-split comparator,3,20260608,1,198,0.47474747474747475,0.5055618401206637,0.46498237367802586,0.6111111111111112,0.9141414141414141,0.08585858585858586,0.28810020876826725,0.7099578503688092
image_finetuned_efficientnet_b0,image_only,single lightly fine-tuned same-split comparator,3,20260608,2,198,0.5454545454545454,0.5779330963154493,0.5274474639245791,0.5202020202020202,0.9343434343434344,0.06565656565656566,0.36566830576665177,0.7252370916754478
image_finetuned_efficientnet_b0,image_only,single lightly fine-tuned same-split comparator,3,20260608,3,197,0.4720812182741117,0.5100373482726424,0.46140630176586656,0.6040609137055838,0.9238578680203046,0.07614213197969544,0.30674759689190145,0.7434864356701584
image_finetuned_efficientnet_b0,image_only,single lightly fine-tuned same-split comparator,3,20260608,4,197,0.49238578680203043,0.5727124183006536,0.49370884284179084,0.5634517766497462,0.9441624365482234,0.05583756345177665,0.4065324242904709,0.7218640881009939
image_plus_age_sex,metadata_sensitivity,allowed metadata sensitivity,1,20260606,0,198,0.5808080808080808,0.5510531135531136,0.5490689446159484,0.4393939393939394,0.9797979797979798,0.020202020202020204,0.44503451938396177,0.7066649104320336
image_plus_age_sex,metadata_sensitivity,allowed metadata sensitivity,1,20260606,1,198,0.51010101010101,0.4546837965955613,0.45707827119117445,0.5252525252525253,0.9646464646464646,0.03535353535353535,0.2914847161572053,0.6468651211801897
image_plus_age_sex,metadata_sensitivity,allowed metadata sensitivity,1,20260606,2,198,0.5656565656565656,0.5626481361775479,0.5432789432789433,0.46464646464646464,0.9696969696969697,0.030303030303030304,0.4392156862745098,0.7689673340358272
image_plus_age_sex,metadata_sensitivity,allowed metadata sensitivity,1,20260606,3,197,0.6040609137055838,0.582983193277311,0.577647314633616,0.43147208121827413,0.9644670050761421,0.03553299492385787,0.4240616602191182,0.6697555734622616
image_plus_age_sex,metadata_sensitivity,allowed metadata sensitivity,1,20260606,4,197,0.5025380710659898,0.47508169934640526,0.46213469811600655,0.5482233502538071,0.949238578680203,0.050761421319796954,0.2922817850126298,0.7023905452591995
image_plus_age_sex,metadata_sensitivity,allowed metadata sensitivity,2,20260607,0,198,0.5454545454545454,0.5063429217840982,0.5026621850617001,0.4797979797979798,0.9747474747474747,0.025252525252525252,0.3924250394529195,0.7258956796628029
image_plus_age_sex,metadata_sensitivity,allowed metadata sensitivity,2,20260607,1,198,0.5252525252525253,0.5044979530273648,0.49437173022078684,0.5252525252525253,0.9494949494949495,0.050505050505050504,0.30122950819672123,0.6188092729188619
image_plus_age_sex,metadata_sensitivity,allowed metadata sensitivity,2,20260607,2,198,0.51010101010101,0.4546029950441715,0.45457706614911847,0.5202020202020202,0.9696969696969697,0.030303030303030304,0.30760810071154887,0.6325079030558484
image_plus_age_sex,metadata_sensitivity,allowed metadata sensitivity,2,20260607,3,197,0.467005076142132,0.45751633986928103,0.4386953238446167,0.583756345177665,0.949238578680203,0.050761421319796954,0.2753998310764788,0.7080311576685469
image_plus_age_sex,metadata_sensitivity,allowed metadata sensitivity,2,20260607,4,197,0.5431472081218274,0.5683356676003736,0.5347651775486827,0.5076142131979695,0.949238578680203,0.050761421319796954,0.3878502252835465,0.7009132420091325
image_plus_age_sex,metadata_sensitivity,allowed metadata sensitivity,3,20260608,0,198,0.5252525252525253,0.4943169575522517,0.4911585146879265,0.5,0.9747474747474747,0.025252525252525252,0.36594394500264404,0.6417281348788197
image_plus_age_sex,metadata_sensitivity,allowed metadata sensitivity,3,20260608,1,198,0.494949494949495,0.4730257487610429,0.4616049382716049,0.5353535353535354,0.9696969696969697,0.030303030303030304,0.3431174089068826,0.6816385669125394
image_plus_age_sex,metadata_sensitivity,allowed metadata sensitivity,3,20260608,2,198,0.5808080808080808,0.5681022408963585,0.5529815529815529,0.47474747474747475,0.9444444444444444,0.05555555555555555,0.3651741293532339,0.7525026343519493
image_plus_age_sex,metadata_sensitivity,allowed metadata sensitivity,3,20260608,3,197,0.5532994923857868,0.5514122315592904,0.532816778510548,0.4720812182741117,0.9746192893401016,0.025380710659898477,0.4423864354612659,0.738248724147193
image_plus_age_sex,metadata_sensitivity,allowed metadata sensitivity,3,20260608,4,197,0.49238578680203043,0.41777544351073764,0.41924138076283146,0.5583756345177665,0.949238578680203,0.050761421319796954,0.20613763174209543,0.6635777598710717
image_plus_downstream_age_sex_upper_bound,upper_bound,non-deployment upper-bound sensitivity,1,20260606,0,198,0.5454545454545454,0.5370475113122172,0.5264193274524421,0.47474747474747475,0.9797979797979798,0.020202020202020204,0.4321862348178137,0.7251053740779768
image_plus_downstream_age_sex_upper_bound,upper_bound,non-deployment upper-bound sensitivity,1,20260606,1,198,0.5151515151515151,0.45422592113768584,0.45977907732293694,0.5151515151515151,0.9696969696969697,0.030303030303030304,0.29865771812080544,0.6448893572181243
image_plus_downstream_age_sex_upper_bound,upper_bound,non-deployment upper-bound sensitivity,1,20260606,2,198,0.5606060606060606,0.5562378797672914,0.5377937154856517,0.4696969696969697,0.9696969696969697,0.030303030303030304,0.431314623338257,0.7689673340358272
image_plus_downstream_age_sex_upper_bound,upper_bound,non-deployment upper-bound sensitivity,1,20260606,3,197,0.5989847715736041,0.5975140056022409,0.5782969899038933,0.43147208121827413,0.9695431472081218,0.030456852791878174,0.4638779002889768,0.6856030083266182
image_plus_downstream_age_sex_upper_bound,upper_bound,non-deployment upper-bound sensitivity,1,20260606,4,197,0.47715736040609136,0.4397175536881419,0.43203510338978984,0.5786802030456852,0.9441624365482234,0.05583756345177665,0.23786766797519476,0.61778135911899
image_plus_downstream_age_sex_upper_bound,upper_bound,non-deployment upper-bound sensitivity,2,20260607,0,198,0.5454545454545454,0.5063429217840982,0.5026621850617001,0.4797979797979798,0.9747474747474747,0.025252525252525252,0.3924250394529195,0.7281348788198103
image_plus_downstream_age_sex_upper_bound,upper_bound,non-deployment upper-bound sensitivity,2,20260607,1,198,0.5303030303030303,0.5109082094376212,0.5033014947847628,0.51010101010101,0.9595959595959596,0.04040404040404041,0.33488372093023266,0.6199947312961012
image_plus_downstream_age_sex_upper_bound,upper_bound,non-deployment upper-bound sensitivity,2,20260607,2,198,0.5202020202020202,0.4674235078646844,0.4675660423628408,0.51010101010101,0.9696969696969697,0.030303030303030304,0.3248234655078762,0.6352739726027398
image_plus_downstream_age_sex_upper_bound,upper_bound,non-deployment upper-bound sensitivity,2,20260607,3,197,0.4619289340101523,0.45454014939309056,0.43517463288196706,0.5888324873096447,0.949238578680203,0.050761421319796954,0.2732599142841642,0.7026591458501208
image_plus_downstream_age_sex_upper_bound,upper_bound,non-deployment upper-bound sensitivity,2,20260607,4,197,0.5329949238578681,0.5519957983193278,0.5223532450955065,0.5177664974619289,0.949238578680203,0.050761421319796954,0.37123273336123896,0.7030620467365027
image_plus_downstream_age_sex_upper_bound,upper_bound,non-deployment upper-bound sensitivity,3,20260608,0,198,0.5252525252525253,0.4943169575522517,0.4911585146879265,0.5,0.9747474747474747,0.025252525252525252,0.36594394500264404,0.6419915700737618
image_plus_downstream_age_sex_upper_bound,upper_bound,non-deployment upper-bound sensitivity,3,20260608,1,198,0.494949494949495,0.4730257487610429,0.4616049382716049,0.5353535353535354,0.9696969696969697,0.030303030303030304,0.3431174089068826,0.6825605900948366
image_plus_downstream_age_sex_upper_bound,upper_bound,non-deployment upper-bound sensitivity,3,20260608,2,198,0.5757575757575758,0.5616919844861021,0.5473024079659151,0.4797979797979798,0.9444444444444444,0.05555555555555555,0.3568215892053973,0.7536880927291886
image_plus_downstream_age_sex_upper_bound,upper_bound,non-deployment upper-bound sensitivity,3,20260608,3,197,0.5431472081218274,0.5454598506069094,0.5253218222154027,0.48223350253807107,0.9746192893401016,0.025380710659898477,0.436606291706387,0.7377115229653505
image_plus_downstream_age_sex_upper_bound,upper_bound,non-deployment upper-bound sensitivity,3,20260608,4,197,0.49746192893401014,0.4207516339869281,0.42260405715430727,0.5532994923857868,0.949238578680203,0.050761421319796954,0.2082437610991682,0.6603545527800162
image_resnet50,image_only,predeclared stronger encoder check,1,20260606,0,198,0.5555555555555556,0.5019123033828916,0.50382871845136,0.5050505050505051,0.9393939393939394,0.06060606060606061,0.26190476190476186,0.6717597471022129
image_resnet50,image_only,predeclared stronger encoder check,1,20260606,1,198,0.5050505050505051,0.45158640379228615,0.4530577655043431,0.5404040404040404,0.9545454545454546,0.045454545454545456,0.2465753424657534,0.6339567966280296
image_resnet50,image_only,predeclared stronger encoder check,1,20260606,2,198,0.5252525252525253,0.44991650506356384,0.45360249941193426,0.5151515151515151,0.9595959595959596,0.04040404040404041,0.2707865168539325,0.6746575342465754
image_resnet50,image_only,predeclared stronger encoder check,1,20260606,3,197,0.5786802030456852,0.5372315592903828,0.5372315592903828,0.45685279187817257,0.9644670050761421,0.03553299492385787,0.37749149246475455,0.6398066075745366
image_resnet50,image_only,predeclared stronger encoder check,1,20260606,4,197,0.5583756345177665,0.49031279178338,0.4899469620136972,0.49238578680203043,0.949238578680203,0.050761421319796954,0.27173054440898614,0.651893634165995
image_resnet50,image_only,predeclared stronger encoder check,2,20260607,0,198,0.4797979797979798,0.4128285929756517,0.4142844120603841,0.5707070707070707,0.9494949494949495,0.050505050505050504,0.1965952773201538,0.6280295047418335
image_resnet50,image_only,predeclared stronger encoder check,2,20260607,1,198,0.5505050505050505,0.48536145227321703,0.485845657457807,0.5050505050505051,0.9444444444444444,0.05555555555555555,0.27223427331887196,0.6733403582718652
image_resnet50,image_only,predeclared stronger encoder check,2,20260607,2,198,0.5555555555555556,0.5086996336996337,0.5057261208576997,0.48484848484848486,0.9595959595959596,0.04040404040404041,0.3289760348583878,0.6221022128556375
image_resnet50,image_only,predeclared stronger encoder check,2,20260607,3,197,0.5786802030456852,0.5167483660130718,0.5247284096975243,0.43147208121827413,0.9898477157360406,0.01015228426395939,0.4341090275312268,0.693795326349718
image_resnet50,image_only,predeclared stronger encoder check,2,20260607,4,197,0.5482233502538071,0.48109243697479,0.4812827628738822,0.5076142131979695,0.9441624365482234,0.05583756345177665,0.2505768631119426,0.6240934730056407
image_resnet50,image_only,predeclared stronger encoder check,3,20260608,0,198,0.5505050505050505,0.4851998491704374,0.48776135362029854,0.48484848484848486,0.9646464646464646,0.03535353535353535,0.3077803203661328,0.601949420442571
image_resnet50,image_only,predeclared stronger encoder check,3,20260608,1,198,0.5858585858585859,0.49932665373841845,0.5090964590964591,0.4444444444444444,0.9696969696969697,0.030303030303030304,0.3529411764705883,0.7485511064278187
image_resnet50,image_only,predeclared stronger encoder check,3,20260608,2,198,0.5252525252525253,0.4464016375781082,0.45005747126436785,0.5454545454545454,0.9292929292929293,0.0707070707070707,0.15384615384615397,0.5951001053740779
image_resnet50,image_only,predeclared stronger encoder check,3,20260608,3,197,0.5228426395939086,0.44718720821662,0.44040325616412573,0.5177664974619289,0.9593908629441624,0.04060913705583756,0.2741975771200199,0.6517593338705345
image_resnet50,image_only,predeclared stronger encoder check,3,20260608,4,197,0.5329949238578681,0.48313492063492064,0.48276010837858013,0.5126903553299492,0.9543147208121827,0.04568527918781726,0.2952652938523974,0.6485361267794788
image_tile_efficientnet_b0_meanmax,image_only,tile-based image-only baseline,1,20260606,0,198,0.6161616161616161,0.554796918767507,0.5667111129630401,0.4090909090909091,0.9747474747474747,0.025252525252525252,0.4257028112449799,0.7224710221285564
image_tile_efficientnet_b0_meanmax,image_only,tile-based image-only baseline,1,20260606,1,198,0.5303030303030303,0.46654815772462827,0.47234329485381377,0.5050505050505051,0.9646464646464646,0.03535353535353535,0.2947131608548931,0.6585879873551107
image_tile_efficientnet_b0_meanmax,image_only,tile-based image-only baseline,1,20260606,2,198,0.5707070707070707,0.5416262658909718,0.5330462519936204,0.46464646464646464,0.9646464646464646,0.03535353535353535,0.393970893970894,0.7579030558482613
image_tile_efficientnet_b0_meanmax,image_only,tile-based image-only baseline,1,20260606,3,197,0.5634517766497462,0.5689775910364147,0.5396232426619937,0.4720812182741117,0.9644670050761421,0.03553299492385787,0.4174979965180866,0.656191243620736
image_tile_efficientnet_b0_meanmax,image_only,tile-based image-only baseline,1,20260606,4,197,0.5685279187817259,0.5523459383753502,0.5415069417524515,0.4619289340101523,0.9695431472081218,0.030456852791878174,0.4198759184607027,0.7289820037604082
image_tile_efficientnet_b0_meanmax,image_only,tile-based image-only baseline,2,20260607,0,198,0.5252525252525253,0.4772678302090066,0.4758398149702498,0.5151515151515151,0.9595959595959596,0.04040404040404041,0.3088391906283281,0.6925711275026343
image_tile_efficientnet_b0_meanmax,image_only,tile-based image-only baseline,2,20260607,1,198,0.601010101010101,0.5731792717086835,0.5603497761871827,0.45454545454545453,0.9444444444444444,0.05555555555555555,0.37525354969574043,0.6847997892518441
image_tile_efficientnet_b0_meanmax,image_only,tile-based image-only baseline,2,20260607,2,198,0.5606060606060606,0.525371687136393,0.5181037796284433,0.4797979797979798,0.9595959595959596,0.04040404040404041,0.3549920760697306,0.6498946259220233
image_tile_efficientnet_b0_meanmax,image_only,tile-based image-only baseline,2,20260607,3,197,0.5888324873096447,0.5707866479925303,0.5562623421273211,0.4467005076142132,0.9644670050761421,0.03553299492385787,0.42529458871982606,0.7536932581251679
image_tile_efficientnet_b0_meanmax,image_only,tile-based image-only baseline,2,20260607,4,197,0.5989847715736041,0.5764472455648926,0.5657912457912458,0.4365482233502538,0.9644670050761421,0.03553299492385787,0.4212690951821386,0.7147461724415793
image_tile_efficientnet_b0_meanmax,image_only,tile-based image-only baseline,3,20260608,0,198,0.5808080808080808,0.5371956474897651,0.5355159554245806,0.4494949494949495,0.9696969696969697,0.030303030303030304,0.37689287717330344,0.6393572181243414
image_tile_efficientnet_b0_meanmax,image_only,tile-based image-only baseline,3,20260608,1,198,0.5303030303030303,0.5006464124111183,0.48623697819547,0.5252525252525253,0.9444444444444444,0.05555555555555555,0.2950152594099693,0.696390937829294
image_tile_efficientnet_b0_meanmax,image_only,tile-based image-only baseline,3,20260608,2,198,0.5909090909090909,0.5568842921784097,0.5564378897188703,0.4393939393939394,0.9696969696969697,0.030303030303030304,0.40589198036006546,0.6858535300316123
image_tile_efficientnet_b0_meanmax,image_only,tile-based image-only baseline,3,20260608,3,197,0.5786802030456852,0.5449346405228758,0.5452259741877228,0.45685279187817257,0.9644670050761421,0.03553299492385787,0.39276822762299946,0.6839914047810904
image_tile_efficientnet_b0_meanmax,image_only,tile-based image-only baseline,3,20260608,4,197,0.5685279187817259,0.5517623716153127,0.5397811041364879,0.45685279187817257,0.9746192893401016,0.025380710659898477,0.4278910379276297,0.7226698898737578
majority_class,baseline,minimum class-prior baseline,1,20260606,0,198,0.5656565656565656,0.3333333333333333,0.24086021505376343,0.43434343434343436,1.0,0.0,0.0,0.5
majority_class,baseline,minimum class-prior baseline,1,20260606,1,198,0.5656565656565656,0.3333333333333333,0.24086021505376343,0.43434343434343436,1.0,0.0,0.0,0.5
majority_class,baseline,minimum class-prior baseline,1,20260606,2,198,0.5656565656565656,0.3333333333333333,0.24086021505376343,0.43434343434343436,1.0,0.0,0.0,0.5
majority_class,baseline,minimum class-prior baseline,1,20260606,3,197,0.5685279187817259,0.3333333333333333,0.24163969795037757,0.43147208121827413,1.0,0.0,0.0,0.5
majority_class,baseline,minimum class-prior baseline,1,20260606,4,197,0.5685279187817259,0.3333333333333333,0.24163969795037757,0.43147208121827413,1.0,0.0,0.0,0.5
majority_class,baseline,minimum class-prior baseline,2,20260607,0,198,0.5656565656565656,0.3333333333333333,0.24086021505376343,0.43434343434343436,1.0,0.0,0.0,0.5
majority_class,baseline,minimum class-prior baseline,2,20260607,1,198,0.5656565656565656,0.3333333333333333,0.24086021505376343,0.43434343434343436,1.0,0.0,0.0,0.5
majority_class,baseline,minimum class-prior baseline,2,20260607,2,198,0.5656565656565656,0.3333333333333333,0.24086021505376343,0.43434343434343436,1.0,0.0,0.0,0.5
majority_class,baseline,minimum class-prior baseline,2,20260607,3,197,0.5685279187817259,0.3333333333333333,0.24163969795037757,0.43147208121827413,1.0,0.0,0.0,0.5
majority_class,baseline,minimum class-prior baseline,2,20260607,4,197,0.5685279187817259,0.3333333333333333,0.24163969795037757,0.43147208121827413,1.0,0.0,0.0,0.5
majority_class,baseline,minimum class-prior baseline,3,20260608,0,198,0.5656565656565656,0.3333333333333333,0.24086021505376343,0.43434343434343436,1.0,0.0,0.0,0.5
majority_class,baseline,minimum class-prior baseline,3,20260608,1,198,0.5656565656565656,0.3333333333333333,0.24086021505376343,0.43434343434343436,1.0,0.0,0.0,0.5
majority_class,baseline,minimum class-prior baseline,3,20260608,2,198,0.5656565656565656,0.3333333333333333,0.24086021505376343,0.43434343434343436,1.0,0.0,0.0,0.5
majority_class,baseline,minimum class-prior baseline,3,20260608,3,197,0.5685279187817259,0.3333333333333333,0.24163969795037757,0.43147208121827413,1.0,0.0,0.0,0.5
majority_class,baseline,minimum class-prior baseline,3,20260608,4,197,0.5685279187817259,0.3333333333333333,0.24163969795037757,0.43147208121827413,1.0,0.0,0.0,0.5
