task,model_id,kind,deployment_role,repeat,seed,fold,threshold,n,positive_n,accuracy,balanced_accuracy,f1,precision,sensitivity,specificity,log_loss,ece_10,auroc,average_precision,tp,fp,tn,fn
severe_level_3_vs_1_2,age_sex,metadata_guardrail,metadata guardrail,1,20260606,0,0.4103011258969888,198,52,0.7171717171717171,0.5977344573234984,0.391304347826087,0.45,0.34615384615384615,0.8493150684931506,0.5705193630168679,0.09010304927293525,0.6334299262381454,0.42214362452097276,18,22,124,34
any_brar_level_2_3_vs_1,age_sex,metadata_guardrail,metadata guardrail,1,20260606,0,0.62170789,198,164,0.7828282828282829,0.7756456241032998,0.8571428571428571,0.9416058394160584,0.7865853658536586,0.7647058823529411,0.3620855840369925,0.10828457160026696,0.8765243902439025,0.9714879820073741,129,8,26,35
severe_level_3_vs_1_2,age_sex,metadata_guardrail,metadata guardrail,1,20260606,1,0.47115224,198,52,0.7222222222222222,0.5702054794520548,0.32098765432098764,0.4482758620689655,0.25,0.8904109589041096,0.5972862202821541,0.09515106443898996,0.563026870389884,0.3662006838806037,13,16,130,39
any_brar_level_2_3_vs_1,age_sex,metadata_guardrail,metadata guardrail,1,20260606,1,0.56822895,198,164,0.8232323232323232,0.8000358680057389,0.8867313915857605,0.9448275862068966,0.8353658536585366,0.7647058823529411,0.3630063390091453,0.07323278282517433,0.8808285509325682,0.9716595478177837,137,8,26,27
severe_level_3_vs_1_2,age_sex,metadata_guardrail,metadata guardrail,1,20260606,2,0.5,198,52,0.7373737373737373,0.5742887249736565,0.3157894736842105,0.5,0.23076923076923078,0.9178082191780822,0.5777884130249928,0.10744814826943266,0.5885800842992623,0.4156471168868594,12,12,134,40
any_brar_level_2_3_vs_1,age_sex,metadata_guardrail,metadata guardrail,1,20260606,2,0.7705898722941014,198,164,0.6161616161616161,0.7100071736011477,0.7099236641221374,0.9489795918367347,0.5670731707317073,0.8529411764705882,0.4553397581182982,0.10079104638031092,0.7963593974175036,0.9149294150213587,93,5,29,71
severe_level_3_vs_1_2,age_sex,metadata_guardrail,metadata guardrail,1,20260606,3,0.45621426,197,51,0.7360406091370558,0.5731265108783239,0.3157894736842105,0.48,0.23529411764705882,0.910958904109589,0.608483523885266,0.12482525182501679,0.5398200376040828,0.33765999849638095,12,13,133,39
any_brar_level_2_3_vs_1,age_sex,metadata_guardrail,metadata guardrail,1,20260606,3,0.6217537900000001,197,163,0.751269035532995,0.721670876939733,0.8361204013377926,0.9191176470588235,0.7668711656441718,0.6764705882352942,0.41995481564764847,0.0883262913946748,0.8084626488632263,0.9409851829262944,125,11,23,38
severe_level_3_vs_1_2,age_sex,metadata_guardrail,metadata guardrail,1,20260606,4,0.42652123,197,51,0.7360406091370558,0.5795057749127048,0.3333333333333333,0.48148148148148145,0.2549019607843137,0.9041095890410958,0.5712520713112156,0.09933079192120463,0.6097233413913511,0.36039567185636184,13,14,132,38
any_brar_level_2_3_vs_1,age_sex,metadata_guardrail,metadata guardrail,1,20260606,4,0.68893549,197,163,0.7106598984771574,0.7436845904005773,0.7985865724381626,0.9416666666666667,0.6932515337423313,0.7941176470588235,0.4049561057309731,0.10164728446947302,0.8242511728617828,0.9519192805181287,113,7,27,50
severe_level_3_vs_1_2,age_sex,metadata_guardrail,metadata guardrail,2,20260607,0,0.4654863246548633,198,52,0.7373737373737373,0.5495258166491044,0.23529411764705882,0.5,0.15384615384615385,0.9452054794520548,0.618497018602668,0.1460797352813671,0.4895943097997893,0.3008533327868852,8,8,138,44
any_brar_level_2_3_vs_1,age_sex,metadata_guardrail,metadata guardrail,2,20260607,0,0.5684834400000001,198,164,0.7878787878787878,0.7087517934002869,0.8662420382165605,0.9066666666666666,0.8292682926829268,0.5882352941176471,0.4196363800217875,0.06911469936054322,0.8032639885222381,0.9431077539742942,136,14,20,28
severe_level_3_vs_1_2,age_sex,metadata_guardrail,metadata guardrail,2,20260607,1,0.27664744,198,52,0.41414141414141414,0.559404636459431,0.4368932038834951,0.2922077922077922,0.8653846153846154,0.2534246575342466,0.5734886496728926,0.08567214046371821,0.6153846153846154,0.4391655643072525,45,109,37,7
any_brar_level_2_3_vs_1,age_sex,metadata_guardrail,metadata guardrail,2,20260607,1,0.520621295206213,198,164,0.8585858585858586,0.7980631276901005,0.9125,0.9358974358974359,0.8902439024390244,0.7058823529411765,0.3688029416840257,0.09119768214115825,0.8819045911047344,0.9674092572159014,146,10,24,18
severe_level_3_vs_1_2,age_sex,metadata_guardrail,metadata guardrail,2,20260607,2,0.33687481,198,52,0.5656565656565656,0.5445205479452055,0.37681159420289856,0.3023255813953488,0.5,0.589041095890411,0.585611645341555,0.07460632671992956,0.571786090621707,0.29808671460976477,26,60,86,26
any_brar_level_2_3_vs_1,age_sex,metadata_guardrail,metadata guardrail,2,20260607,2,0.66094111,198,164,0.6666666666666666,0.7055236728837877,0.762589928057554,0.9298245614035088,0.6463414634146342,0.7647058823529411,0.4873629541826736,0.1815396605607962,0.8003945480631276,0.9331515904228123,106,8,26,58
severe_level_3_vs_1_2,age_sex,metadata_guardrail,metadata guardrail,2,20260607,3,0.38070223,197,51,0.649746192893401,0.5786999731399409,0.3893805309734513,0.3548387096774194,0.43137254901960786,0.726027397260274,0.5809062382319642,0.11376039244391543,0.5899811979586356,0.3651193149069689,22,40,106,29
any_brar_level_2_3_vs_1,age_sex,metadata_guardrail,metadata guardrail,2,20260607,3,0.69065257,197,163,0.6751269035532995,0.757127390833634,0.762962962962963,0.9626168224299065,0.6319018404907976,0.8823529411764706,0.4303857457933493,0.14225564289758255,0.8136051966798991,0.9280163773519441,103,4,30,60
severe_level_3_vs_1_2,age_sex,metadata_guardrail,metadata guardrail,2,20260607,4,0.49426948,197,51,0.7309644670050761,0.5441847972065539,0.2318840579710145,0.4444444444444444,0.1568627450980392,0.9315068493150684,0.5706276195555741,0.08524639764162047,0.6293311845286059,0.4129107461694105,8,10,136,43
any_brar_level_2_3_vs_1,age_sex,metadata_guardrail,metadata guardrail,2,20260607,4,0.62378518,197,163,0.8020304568527918,0.7988993143269578,0.8704318936877077,0.9492753623188406,0.803680981595092,0.7941176470588235,0.3414996079775171,0.10683947139882063,0.8983219054492964,0.9766851597802543,131,7,27,32
severe_level_3_vs_1_2,age_sex,metadata_guardrail,metadata guardrail,3,20260608,0,0.44335072,198,52,0.7171717171717171,0.5234457323498419,0.17647058823529413,0.375,0.11538461538461539,0.9315068493150684,0.5996843992811959,0.08818184435069058,0.506059009483667,0.2946505593236458,6,10,136,46
any_brar_level_2_3_vs_1,age_sex,metadata_guardrail,metadata guardrail,3,20260608,0,0.6266042000000001,198,164,0.797979797979798,0.8081061692969871,0.8666666666666667,0.9558823529411765,0.7926829268292683,0.8235294117647058,0.4029753228111681,0.14741901336418045,0.8815459110473458,0.972149058635793,130,6,28,34
severe_level_3_vs_1_2,age_sex,metadata_guardrail,metadata guardrail,3,20260608,1,0.39224364,198,52,0.696969696969697,0.553082191780822,0.3023255813953488,0.38235294117647056,0.25,0.8561643835616438,0.5880978591119493,0.08455403420356182,0.5375395152792413,0.3246460724337015,13,21,125,39
any_brar_level_2_3_vs_1,age_sex,metadata_guardrail,metadata guardrail,3,20260608,1,0.64626649,198,164,0.7070707070707071,0.7415710186513629,0.795774647887324,0.9416666666666667,0.6890243902439024,0.7941176470588235,0.44602700194884226,0.1530667414671861,0.8091822094691534,0.9369894330490303,113,7,27,51
severe_level_3_vs_1_2,age_sex,metadata_guardrail,metadata guardrail,3,20260608,2,0.43823061,198,52,0.7373737373737373,0.5619072708113804,0.2777777777777778,0.5,0.19230769230769232,0.9315068493150684,0.5773152278108723,0.08663114246285214,0.6034641728134879,0.35359297933262374,10,10,136,42
any_brar_level_2_3_vs_1,age_sex,metadata_guardrail,metadata guardrail,3,20260608,2,0.78660882,198,164,0.5808080808080808,0.7469512195121951,0.6612244897959184,1.0,0.49390243902439024,1.0,0.35723040861448513,0.13608806204587273,0.9094332855093256,0.9792524136690328,81,0,34,83
severe_level_3_vs_1_2,age_sex,metadata_guardrail,metadata guardrail,3,20260608,3,0.47044324,197,51,0.7715736040609137,0.6098576416868118,0.3835616438356164,0.6363636363636364,0.27450980392156865,0.9452054794520548,0.5723655567165232,0.13852214007696198,0.6655922643029816,0.47997020985555994,14,8,138,37
any_brar_level_2_3_vs_1,age_sex,metadata_guardrail,metadata guardrail,3,20260608,3,0.7843389778433898,197,163,0.6548223350253807,0.7332190544929629,0.746268656716418,0.9523809523809523,0.6134969325153374,0.8529411764705882,0.41895348301028507,0.0849720998830945,0.7956513893901119,0.9413198110140003,100,5,29,63
severe_level_3_vs_1_2,age_sex,metadata_guardrail,metadata guardrail,3,20260608,4,0.46577854,197,51,0.7309644670050761,0.6015981735159818,0.39080459770114945,0.4722222222222222,0.3333333333333333,0.8698630136986302,0.5689320407374778,0.11543809422772264,0.6385307547676605,0.44404515845185955,17,19,127,34
any_brar_level_2_3_vs_1,age_sex,metadata_guardrail,metadata guardrail,3,20260608,4,0.63850658,197,163,0.7258883248730964,0.7063334536268495,0.8163265306122449,0.916030534351145,0.7361963190184049,0.6764705882352942,0.4223656689387269,0.10262575820328175,0.8009743774810537,0.9215612603435934,120,11,23,43
severe_level_3_vs_1_2,downstream_plus_age_sex,upper_bound,non-deployment upper-bound sensitivity,1,20260606,0,0.3513432,198,52,0.6515151515151515,0.6151211801896733,0.448,0.3835616438356164,0.5384615384615384,0.6917808219178082,0.5511841551951969,0.10722035975330511,0.6979715489989462,0.5138500929612457,28,45,101,24
any_brar_level_2_3_vs_1,downstream_plus_age_sex,upper_bound,non-deployment upper-bound sensitivity,1,20260606,0,0.62425646,198,164,0.7878787878787878,0.790351506456241,0.86,0.9485294117647058,0.7865853658536586,0.7941176470588235,0.39289354021984413,0.15247017435998964,0.882980631276901,0.9726734280512641,129,7,27,35
severe_level_3_vs_1_2,downstream_plus_age_sex,upper_bound,non-deployment upper-bound sensitivity,1,20260606,1,0.43476042,198,52,0.7272727272727273,0.6231559536354057,0.4375,0.4772727272727273,0.40384615384615385,0.8424657534246576,0.5584622801870457,0.08582087459157307,0.6631322444678609,0.47232425296755914,21,23,123,31
any_brar_level_2_3_vs_1,downstream_plus_age_sex,upper_bound,non-deployment upper-bound sensitivity,1,20260606,1,0.51957443,198,164,0.8535353535353535,0.8299856527977044,0.9073482428115016,0.9530201342281879,0.8658536585365854,0.7941176470588235,0.34052759234771357,0.06054680115619654,0.9001972740315639,0.977450723951491,142,7,27,22
severe_level_3_vs_1_2,downstream_plus_age_sex,upper_bound,non-deployment upper-bound sensitivity,1,20260606,2,0.46538276465382766,198,52,0.7373737373737373,0.5866701791359326,0.35,0.5,0.2692307692307692,0.9041095890410958,0.5708859250485092,0.05272400083664588,0.6438356164383562,0.39119507015169414,14,14,132,38
any_brar_level_2_3_vs_1,downstream_plus_age_sex,upper_bound,non-deployment upper-bound sensitivity,1,20260606,2,0.6920408869204089,198,164,0.6464646464646465,0.728299856527977,0.7388059701492538,0.9519230769230769,0.6036585365853658,0.8529411764705882,0.48149751126061474,0.10864858204390847,0.8205703012912482,0.9275098630624224,99,5,29,65
severe_level_3_vs_1_2,downstream_plus_age_sex,upper_bound,non-deployment upper-bound sensitivity,1,20260606,3,0.350955,197,51,0.5989847715736041,0.5316948697287134,0.33613445378151263,0.29411764705882354,0.39215686274509803,0.6712328767123288,0.6181821298183325,0.07995352861151163,0.5519742143432715,0.3243542300631624,20,48,98,31
any_brar_level_2_3_vs_1,downstream_plus_age_sex,upper_bound,non-deployment upper-bound sensitivity,1,20260606,3,0.6350789736492103,197,163,0.7461928934010152,0.7418801876578853,0.8299319727891157,0.9312977099236641,0.7484662576687117,0.7352941176470589,0.413399307059428,0.09695830313642395,0.8215445687477445,0.9487950708224955,122,9,25,41
severe_level_3_vs_1_2,downstream_plus_age_sex,upper_bound,non-deployment upper-bound sensitivity,1,20260606,4,0.35189055,197,51,0.6649746192893401,0.6081117378458233,0.43103448275862066,0.38461538461538464,0.49019607843137253,0.726027397260274,0.5575318924692109,0.06606353959384093,0.6495433789954339,0.4009712707673939,25,40,106,26
any_brar_level_2_3_vs_1,downstream_plus_age_sex,upper_bound,non-deployment upper-bound sensitivity,1,20260606,4,0.66246823,197,163,0.7208121827411168,0.7614579574160952,0.8056537102473498,0.95,0.6993865030674846,0.8235294117647058,0.4083394675968475,0.10164232241071354,0.8342656080837243,0.9568918928914509,114,6,28,49
severe_level_3_vs_1_2,downstream_plus_age_sex,upper_bound,non-deployment upper-bound sensitivity,2,20260607,0,0.37591206,198,52,0.6515151515151515,0.5284510010537408,0.28865979381443296,0.3111111111111111,0.2692307692307692,0.7876712328767124,0.5882757019341339,0.11821307130888348,0.5414251844046364,0.3400251438248384,14,31,115,38
any_brar_level_2_3_vs_1,downstream_plus_age_sex,upper_bound,non-deployment upper-bound sensitivity,2,20260607,0,0.5751236742487633,198,164,0.7777777777777778,0.7143113342898135,0.8580645161290322,0.910958904109589,0.8109756097560976,0.6176470588235294,0.4250304907268254,0.10005540019018472,0.8131276901004303,0.9466371975033869,133,13,21,31
severe_level_3_vs_1_2,downstream_plus_age_sex,upper_bound,non-deployment upper-bound sensitivity,2,20260607,1,0.2884587871154122,198,52,0.45454545454545453,0.5929926238145415,0.46,0.3108108108108108,0.8846153846153846,0.3013698630136986,0.5554813007178194,0.12517474098485792,0.6896074815595363,0.46956406264265976,46,102,44,6
any_brar_level_2_3_vs_1,downstream_plus_age_sex,upper_bound,non-deployment upper-bound sensitivity,2,20260607,1,0.5701354342986458,198,164,0.8333333333333334,0.8177905308464849,0.8932038834951457,0.9517241379310345,0.8414634146341463,0.7941176470588235,0.36127881482985275,0.11561155222534374,0.8951757532281206,0.9725779461769264,138,7,27,26
severe_level_3_vs_1_2,downstream_plus_age_sex,upper_bound,non-deployment upper-bound sensitivity,2,20260607,2,0.35135291,198,52,0.6212121212121212,0.613145416227608,0.45255474452554745,0.36470588235294116,0.5961538461538461,0.6301369863013698,0.5330159467162184,0.09175424976714527,0.6865779768177028,0.5035824835609688,31,54,92,21
any_brar_level_2_3_vs_1,downstream_plus_age_sex,upper_bound,non-deployment upper-bound sensitivity,2,20260607,2,0.64901268,198,164,0.7171717171717171,0.7360114777618364,0.8055555555555556,0.9354838709677419,0.7073170731707317,0.7647058823529411,0.41667407270685,0.07701986772294897,0.8207496413199427,0.9503225409878756,116,8,26,48
severe_level_3_vs_1_2,downstream_plus_age_sex,upper_bound,non-deployment upper-bound sensitivity,2,20260607,3,0.32724425,197,51,0.6446700507614214,0.6007923717432178,0.4262295081967213,0.36619718309859156,0.5098039215686274,0.6917808219178082,0.6017664574813301,0.0902690712735788,0.6585414987912974,0.3641727544693237,26,45,101,25
any_brar_level_2_3_vs_1,downstream_plus_age_sex,upper_bound,non-deployment upper-bound sensitivity,2,20260607,3,0.6654738600000001,197,163,0.7157360406091371,0.7816672681342476,0.7985611510791367,0.9652173913043478,0.6809815950920245,0.8823529411764706,0.47160403284601193,0.07715900370964893,0.8319198845182245,0.9391947705009974,111,4,30,52
severe_level_3_vs_1_2,downstream_plus_age_sex,upper_bound,non-deployment upper-bound sensitivity,2,20260607,4,0.48665554,197,51,0.7411167512690355,0.5765511684125705,0.32,0.5,0.23529411764705882,0.9178082191780822,0.5616229783384029,0.06328670662120536,0.6539752887456354,0.43515791864018805,12,12,134,39
any_brar_level_2_3_vs_1,downstream_plus_age_sex,upper_bound,non-deployment upper-bound sensitivity,2,20260607,4,0.69072528,197,163,0.751269035532995,0.8264164561530134,0.8256227758007118,0.9830508474576272,0.7116564417177914,0.9411764705882353,0.33394185137675675,0.11215514411156002,0.9095092024539878,0.9800301304869166,116,2,32,47
severe_level_3_vs_1_2,downstream_plus_age_sex,upper_bound,non-deployment upper-bound sensitivity,3,20260608,0,0.44036976,198,52,0.7070707070707071,0.5413593256059009,0.2564102564102564,0.38461538461538464,0.19230769230769232,0.8904109589041096,0.5823192291036546,0.08283651747264582,0.5848261327713382,0.36824904839675454,10,16,130,42
any_brar_level_2_3_vs_1,downstream_plus_age_sex,upper_bound,non-deployment upper-bound sensitivity,3,20260608,0,0.6019102599999999,198,164,0.8131313131313131,0.8172525107604017,0.8778877887788779,0.9568345323741008,0.8109756097560976,0.8235294117647058,0.35929696493778335,0.11028858463486946,0.8883608321377332,0.9734797158868311,133,6,28,31
severe_level_3_vs_1_2,downstream_plus_age_sex,upper_bound,non-deployment upper-bound sensitivity,3,20260608,1,0.42000471,198,52,0.7777777777777778,0.6264488935721813,0.42105263157894735,0.6666666666666666,0.3076923076923077,0.9452054794520548,0.5499520341653034,0.12147753718278241,0.6211801896733404,0.4920682843278804,16,8,138,36
any_brar_level_2_3_vs_1,downstream_plus_age_sex,upper_bound,non-deployment upper-bound sensitivity,3,20260608,1,0.6043771239562288,198,164,0.7575757575757576,0.7720588235294117,0.8367346938775511,0.9461538461538461,0.75,0.7941176470588235,0.4276597895538716,0.11750797800570659,0.8228120516499283,0.9465393806213444,123,7,27,41
severe_level_3_vs_1_2,downstream_plus_age_sex,upper_bound,non-deployment upper-bound sensitivity,3,20260608,2,0.3415024,198,52,0.5757575757575758,0.5823234984193888,0.4246575342465753,0.32978723404255317,0.5961538461538461,0.5684931506849316,0.5609523978253477,0.06952310660841968,0.6583245521601686,0.41724946422988096,31,63,83,21
any_brar_level_2_3_vs_1,downstream_plus_age_sex,upper_bound,non-deployment upper-bound sensitivity,3,20260608,2,0.73002166,198,164,0.6565656565656566,0.781025824964132,0.7404580152671756,0.9897959183673469,0.5914634146341463,0.9705882352941176,0.359473764576505,0.12202870690208535,0.9088952654232424,0.9794073566290499,97,1,33,67
severe_level_3_vs_1_2,downstream_plus_age_sex,upper_bound,non-deployment upper-bound sensitivity,3,20260608,3,0.31426722,197,51,0.4416243654822335,0.5212194466827826,0.3888888888888889,0.2713178294573643,0.6862745098039216,0.3561643835616438,0.6191825624100309,0.09204885176850441,0.5952189094816008,0.3234722355176322,35,94,52,16
any_brar_level_2_3_vs_1,downstream_plus_age_sex,upper_bound,non-deployment upper-bound sensitivity,3,20260608,3,0.6493832935061671,197,163,0.7411167512690355,0.7271743053049441,0.8271186440677966,0.9242424242424242,0.7484662576687117,0.7058823529411765,0.40398526349493724,0.08851135562022402,0.8053049440635149,0.9490473117112077,122,10,24,41
severe_level_3_vs_1_2,downstream_plus_age_sex,upper_bound,non-deployment upper-bound sensitivity,3,20260608,4,0.3868925438689254,197,51,0.6903553299492385,0.6124764974482944,0.42990654205607476,0.4107142857142857,0.45098039215686275,0.773972602739726,0.5627972316096285,0.08709084821667776,0.6545796400752082,0.4155576598330101,23,33,113,28
any_brar_level_2_3_vs_1,downstream_plus_age_sex,upper_bound,non-deployment upper-bound sensitivity,3,20260608,4,0.58831051,197,163,0.766497461928934,0.7308733309274631,0.847682119205298,0.920863309352518,0.7852760736196319,0.6764705882352942,0.4606392801661418,0.1064815288583423,0.8240707325875135,0.9325073221327704,128,11,23,35
severe_level_3_vs_1_2,image_efficientnet_b0,image_only,primary image-only baseline,1,20260606,0,0.27303552124717373,198,52,0.5606060606060606,0.6339567966280295,0.48520710059171596,0.3504273504273504,0.7884615384615384,0.4794520547945205,0.5450409684013229,0.08528409545961861,0.7050842992623814,0.43612253689592045,41,76,70,11
any_brar_level_2_3_vs_1,image_efficientnet_b0,image_only,primary image-only baseline,1,20260606,0,0.7803706420626939,198,164,0.6767676767676768,0.6999641319942611,0.7730496453900709,0.923728813559322,0.6646341463414634,0.7352941176470589,0.3781751188701004,0.057492481417006976,0.8009325681492108,0.9488551865990081,109,9,25,55
severe_level_3_vs_1_2,image_efficientnet_b0,image_only,primary image-only baseline,1,20260606,1,0.28299719875825363,198,52,0.5959595959595959,0.5836406743940991,0.42028985507246375,0.3372093023255814,0.5576923076923077,0.6095890410958904,0.6330414912774628,0.15310288597310362,0.6447576396206534,0.40768583927322766,29,57,89,23
any_brar_level_2_3_vs_1,image_efficientnet_b0,image_only,primary image-only baseline,1,20260606,1,0.8032817728445389,198,164,0.7171717171717171,0.7126972740315638,0.8082191780821918,0.921875,0.7195121951219512,0.7058823529411765,0.41062813262795617,0.07169647385108509,0.7582496413199425,0.9351661848815621,118,10,24,46
severe_level_3_vs_1_2,image_efficientnet_b0,image_only,primary image-only baseline,1,20260606,2,0.35679910597479325,198,52,0.7272727272727273,0.6974446786090622,0.55,0.4852941176470588,0.6346153846153846,0.7602739726027398,0.5058325816371253,0.043830312001770864,0.7662012644889357,0.5009496468248184,33,35,111,19
any_brar_level_2_3_vs_1,image_efficientnet_b0,image_only,primary image-only baseline,1,20260606,2,0.6988902258243221,198,164,0.6818181818181818,0.7263271162123386,0.7741935483870968,0.9391304347826087,0.6585365853658537,0.7941176470588235,0.4203262534765663,0.10440790405220644,0.7790530846484935,0.9362448574455586,108,7,27,56
severe_level_3_vs_1_2,image_efficientnet_b0,image_only,primary image-only baseline,1,20260606,3,0.2548619143408276,197,51,0.5380710659898477,0.5990464679022294,0.4484848484848485,0.32456140350877194,0.7254901960784313,0.4726027397260274,0.5470567058426687,0.0713412809636176,0.6637120601665323,0.4798369496174044,37,77,69,14
any_brar_level_2_3_vs_1,image_efficientnet_b0,image_only,primary image-only baseline,1,20260606,3,0.750572867968599,197,163,0.6091370558375635,0.6939732948394082,0.7049808429118773,0.9387755102040817,0.5644171779141104,0.8235294117647058,0.42923947180109756,0.10962478685283703,0.7825694695055937,0.9225441029282817,92,6,28,71
severe_level_3_vs_1_2,image_efficientnet_b0,image_only,primary image-only baseline,1,20260606,4,0.4048454151736067,197,51,0.700507614213198,0.6065672844480258,0.4158415841584158,0.42,0.4117647058823529,0.8013698630136986,0.5299077458301222,0.04804844286817052,0.7031963470319634,0.47641026091301103,21,29,117,30
any_brar_level_2_3_vs_1,image_efficientnet_b0,image_only,primary image-only baseline,1,20260606,4,0.7130776903410582,197,163,0.6598984771573604,0.6548177553229881,0.7632508833922261,0.9,0.6625766871165644,0.6470588235294118,0.42577744232412507,0.09969300197102081,0.7463009743774811,0.938059864242594,108,12,22,55
severe_level_3_vs_1_2,image_efficientnet_b0,image_only,primary image-only baseline,2,20260607,0,0.32962470338222444,198,52,0.6565656565656566,0.6556902002107481,0.5,0.40476190476190477,0.6538461538461539,0.6575342465753424,0.520067735861027,0.05791341703905615,0.7266859852476291,0.45373803752851977,34,50,96,18
any_brar_level_2_3_vs_1,image_efficientnet_b0,image_only,primary image-only baseline,2,20260607,0,0.6981119921109167,198,164,0.7373737373737373,0.7132352941176471,0.825503355704698,0.917910447761194,0.75,0.6764705882352942,0.4227482585386912,0.08228956590624673,0.7544835007173601,0.932686863724781,123,11,23,41
severe_level_3_vs_1_2,image_efficientnet_b0,image_only,primary image-only baseline,2,20260607,1,0.33486063685243705,198,52,0.6313131313131313,0.595231822971549,0.4251968503937008,0.36,0.5192307692307693,0.6712328767123288,0.5865164607739026,0.12464614917607411,0.6161749209694415,0.4166105025954312,27,48,98,25
any_brar_level_2_3_vs_1,image_efficientnet_b0,image_only,primary image-only baseline,2,20260607,1,0.7878919815573581,198,164,0.5808080808080808,0.7119799139167862,0.6693227091633466,0.9655172413793104,0.5121951219512195,0.9117647058823529,0.393923546305552,0.09396361384781499,0.8170731707317073,0.9492525232412836,84,3,31,80
severe_level_3_vs_1_2,image_efficientnet_b0,image_only,primary image-only baseline,2,20260607,2,0.2879083263815171,198,52,0.6363636363636364,0.6481822971549,0.49295774647887325,0.3888888888888889,0.6730769230769231,0.6232876712328768,0.570437633753515,0.06887312194134082,0.6538461538461537,0.4232554308954678,35,55,91,17
any_brar_level_2_3_vs_1,image_efficientnet_b0,image_only,primary image-only baseline,2,20260607,2,0.73512469542791,198,164,0.6868686868686869,0.7060616929698709,0.7816901408450704,0.925,0.676829268292683,0.7352941176470589,0.41021008272277165,0.061197197563420146,0.780667144906743,0.9384276965003726,111,9,25,53
severe_level_3_vs_1_2,image_efficientnet_b0,image_only,primary image-only baseline,2,20260607,3,0.29649861341140926,197,51,0.6243654822335025,0.6445071179156594,0.4861111111111111,0.3763440860215054,0.6862745098039216,0.6027397260273972,0.5352483754460372,0.09370263898119514,0.7048079505774912,0.4313139946026037,35,58,88,16
any_brar_level_2_3_vs_1,image_efficientnet_b0,image_only,primary image-only baseline,2,20260607,3,0.6057642471037926,197,163,0.7614213197969543,0.6346986647419703,0.8517350157728707,0.8766233766233766,0.8282208588957055,0.4411764705882353,0.4276924324179606,0.09340703395038617,0.7419704077950198,0.9348818575304365,135,19,15,28
severe_level_3_vs_1_2,image_efficientnet_b0,image_only,primary image-only baseline,2,20260607,4,0.2240835422452999,197,51,0.49238578680203043,0.6128793983346763,0.46808510638297873,0.32116788321167883,0.8627450980392157,0.363013698630137,0.5322006140308797,0.09720360554098502,0.7190437818963201,0.5036841851660996,44,93,53,7
any_brar_level_2_3_vs_1,image_efficientnet_b0,image_only,primary image-only baseline,2,20260607,4,0.720439782691339,197,163,0.6903553299492385,0.7314146517502707,0.7813620071684588,0.9396551724137931,0.6687116564417178,0.7941176470588235,0.39262045996447875,0.09933526064703879,0.8128834355828221,0.9517811697132906,109,7,27,54
severe_level_3_vs_1_2,image_efficientnet_b0,image_only,primary image-only baseline,3,20260608,0,0.1574366846279331,198,52,0.48484848484848486,0.5640147523709167,0.42696629213483145,0.30158730158730157,0.7307692307692307,0.3972602739726027,0.6283972045916816,0.13921755844362213,0.637118018967334,0.42790935809797853,38,88,58,14
any_brar_level_2_3_vs_1,image_efficientnet_b0,image_only,primary image-only baseline,3,20260608,0,0.8131615459103241,198,164,0.6515151515151515,0.6614060258249641,0.7544483985765125,0.905982905982906,0.6463414634146342,0.6764705882352942,0.45573095692899035,0.07801861448317722,0.728658536585366,0.9209832380940239,106,11,23,58
severe_level_3_vs_1_2,image_efficientnet_b0,image_only,primary image-only baseline,3,20260608,1,0.3361382127611379,198,52,0.6919191919191919,0.6425184404636459,0.47863247863247865,0.4307692307692308,0.5384615384615384,0.7465753424657534,0.5551873698093225,0.06984477449888304,0.6770284510010538,0.4536231194922989,28,37,109,24
any_brar_level_2_3_vs_1,image_efficientnet_b0,image_only,primary image-only baseline,3,20260608,1,0.7920840685566672,198,164,0.5656565656565656,0.6562051649928264,0.6640625,0.9239130434782609,0.5182926829268293,0.7941176470588235,0.4514001099870959,0.10559697569248946,0.7157460545193687,0.9262721791078181,85,7,27,79
severe_level_3_vs_1_2,image_efficientnet_b0,image_only,primary image-only baseline,3,20260608,2,0.3859195522840399,198,52,0.7323232323232324,0.7008693361433087,0.5546218487394958,0.4925373134328358,0.6346153846153846,0.7671232876712328,0.5159794522458873,0.09645520058684161,0.7492096944151738,0.5609831150023172,33,34,112,19
any_brar_level_2_3_vs_1,image_efficientnet_b0,image_only,primary image-only baseline,3,20260608,2,0.713975536732983,198,164,0.7424242424242424,0.797883787661406,0.8210526315789474,0.9669421487603306,0.7134146341463414,0.8823529411764706,0.370369948131649,0.11525309266837166,0.8697991391678623,0.9707779452572803,117,4,30,47
severe_level_3_vs_1_2,image_efficientnet_b0,image_only,primary image-only baseline,3,20260608,3,0.317740540106847,197,51,0.6091370558375635,0.6597502014504432,0.5032258064516129,0.375,0.7647058823529411,0.5547945205479452,0.5339081064733546,0.12395542488323837,0.7360999194198227,0.5261401907284684,39,65,81,12
any_brar_level_2_3_vs_1,image_efficientnet_b0,image_only,primary image-only baseline,3,20260608,3,0.703906368135515,197,163,0.7614213197969543,0.6579754601226994,0.8498402555910544,0.8866666666666667,0.8159509202453987,0.5,0.41637759476548464,0.055785609273401614,0.7345723565499819,0.9192595976745289,133,17,17,30
severe_level_3_vs_1_2,image_efficientnet_b0,image_only,primary image-only baseline,3,20260608,4,0.4934083414033604,197,51,0.7208121827411168,0.5756110663443459,0.3373493975903614,0.4375,0.27450980392156865,0.8767123287671232,0.5763751614045287,0.0696300911837425,0.6633091592801503,0.3859549530271337,14,18,128,37
any_brar_level_2_3_vs_1,image_efficientnet_b0,image_only,primary image-only baseline,3,20260608,4,0.7945564355787377,197,163,0.5939086294416244,0.6731324431613136,0.6923076923076923,0.9278350515463918,0.5521472392638037,0.7941176470588235,0.45447289101908034,0.06496065626865098,0.6955972573078311,0.9247812176486585,90,7,27,73
severe_level_3_vs_1_2,image_finetuned_efficientnet_b0,image_only,single lightly fine-tuned same-split comparator,1,20260606,0,0.42320363979115916,198,52,0.7626262626262627,0.7214172813487882,0.584070796460177,0.5409836065573771,0.6346153846153846,0.8082191780821918,0.5182259125425293,0.09501908339071344,0.7452581664910433,0.5468561901684297,33,28,118,19
any_brar_level_2_3_vs_1,image_finetuned_efficientnet_b0,image_only,single lightly fine-tuned same-split comparator,1,20260606,0,0.7041302185021205,198,164,0.7474747474747475,0.7426470588235294,0.831081081081081,0.9318181818181818,0.75,0.7352941176470589,0.3729427842704391,0.11452814332483496,0.8428981348637016,0.9622052419918317,123,9,25,41
severe_level_3_vs_1_2,image_finetuned_efficientnet_b0,image_only,single lightly fine-tuned same-split comparator,1,20260606,1,0.27689260827503415,198,52,0.5656565656565656,0.6188092729188619,0.4691358024691358,0.34545454545454546,0.7307692307692307,0.5068493150684932,0.5436132603254692,0.060883683811433706,0.696917808219178,0.4478361201279375,38,72,74,14
any_brar_level_2_3_vs_1,image_finetuned_efficientnet_b0,image_only,single lightly fine-tuned same-split comparator,1,20260606,1,0.5652822749590678,198,164,0.7474747474747475,0.6843615494978479,0.8366013071895425,0.9014084507042254,0.7804878048780488,0.5882352941176471,0.4337740027111626,0.08478713056040783,0.8025466284074605,0.9544237980692729,128,14,20,36
severe_level_3_vs_1_2,image_finetuned_efficientnet_b0,image_only,single lightly fine-tuned same-split comparator,1,20260606,2,0.3974461147849002,198,52,0.6414141414141414,0.6020811380400422,0.432,0.3698630136986301,0.5192307692307693,0.684931506849315,0.5728237254209484,0.08468865038630949,0.6599051633298209,0.39643456692626766,27,46,100,25
any_brar_level_2_3_vs_1,image_finetuned_efficientnet_b0,image_only,single lightly fine-tuned same-split comparator,1,20260606,2,0.6974915565396826,198,164,0.7272727272727273,0.7187948350071736,0.8163265306122449,0.9230769230769231,0.7317073170731707,0.7058823529411765,0.4249014502498051,0.0831086602905998,0.7577116212338595,0.9296944122022311,120,10,24,44
severe_level_3_vs_1_2,image_finetuned_efficientnet_b0,image_only,single lightly fine-tuned same-split comparator,1,20260606,3,0.3157656480824766,197,51,0.5989847715736041,0.5827289820037604,0.4148148148148148,0.3333333333333333,0.5490196078431373,0.6164383561643836,0.5580861655728677,0.05451584573474862,0.6403438087563793,0.3982422348256343,28,56,90,23
any_brar_level_2_3_vs_1,image_finetuned_efficientnet_b0,image_only,single lightly fine-tuned same-split comparator,1,20260606,3,0.6485864689131806,197,163,0.7106598984771574,0.7204077950198484,0.8013937282229965,0.9274193548387096,0.7055214723926381,0.7352941176470589,0.4460410958486575,0.08683113692800352,0.7863587152652471,0.9476638896095855,115,9,25,48
severe_level_3_vs_1_2,image_finetuned_efficientnet_b0,image_only,single lightly fine-tuned same-split comparator,1,20260606,4,0.3581214643314765,197,51,0.700507614213198,0.702256244963739,0.549618320610687,0.45,0.7058823529411765,0.6986301369863014,0.5231074521023505,0.06752570669009836,0.7350255170561375,0.529554976680974,36,44,102,15
any_brar_level_2_3_vs_1,image_finetuned_efficientnet_b0,image_only,single lightly fine-tuned same-split comparator,1,20260606,4,0.7020075888678003,197,163,0.6903553299492385,0.7081378563695417,0.784452296819788,0.925,0.6809815950920245,0.7352941176470589,0.4798029665691065,0.08909864887335452,0.7526163839769037,0.9320792615759124,111,9,25,52
severe_level_3_vs_1_2,image_finetuned_efficientnet_b0,image_only,single lightly fine-tuned same-split comparator,2,20260607,0,0.16240086679070753,198,52,0.5151515151515151,0.6712328767123288,0.52,0.35135135135135137,1.0,0.3424657534246575,0.49596414668543803,0.09999984046110445,0.7579030558482613,0.5436164950015152,52,96,50,0
any_brar_level_2_3_vs_1,image_finetuned_efficientnet_b0,image_only,single lightly fine-tuned same-split comparator,2,20260607,0,0.6052896867478135,198,164,0.7272727272727273,0.6838235294117647,0.82,0.9044117647058824,0.75,0.6176470588235294,0.45066912641433726,0.08454509252670508,0.7535868005738882,0.9283967136522929,123,13,21,41
severe_level_3_vs_1_2,image_finetuned_efficientnet_b0,image_only,single lightly fine-tuned same-split comparator,2,20260607,1,0.33158675987702646,198,52,0.6515151515151515,0.6460748155953635,0.4888888888888889,0.39759036144578314,0.6346153846153846,0.6575342465753424,0.5254413600696569,0.06631171634771692,0.702713382507903,0.5007215974015917,33,50,96,19
any_brar_level_2_3_vs_1,image_finetuned_efficientnet_b0,image_only,single lightly fine-tuned same-split comparator,2,20260607,1,0.5844082310653835,198,164,0.7676767676767676,0.754842180774749,0.8466666666666667,0.9338235294117647,0.774390243902439,0.7352941176470589,0.4342306109673583,0.10950890004549976,0.8265781922525108,0.9592238359035596,127,9,25,37
severe_level_3_vs_1_2,image_finetuned_efficientnet_b0,image_only,single lightly fine-tuned same-split comparator,2,20260607,2,0.3849557783555836,198,52,0.6868686868686869,0.6452845100105374,0.48333333333333334,0.4264705882352941,0.5576923076923077,0.7328767123287672,0.5702618741190587,0.09748892283781269,0.6521338250790306,0.39025298619816506,29,39,107,23
any_brar_level_2_3_vs_1,image_finetuned_efficientnet_b0,image_only,single lightly fine-tuned same-split comparator,2,20260607,2,0.7386000722440693,198,164,0.6313131313131313,0.6608680057388809,0.7345454545454545,0.9099099099099099,0.6158536585365854,0.7058823529411765,0.45030905534990223,0.09084257580601843,0.7288378766140602,0.926700035960515,101,10,24,63
severe_level_3_vs_1_2,image_finetuned_efficientnet_b0,image_only,single lightly fine-tuned same-split comparator,2,20260607,3,0.37800253220006763,197,51,0.6142131979695431,0.605761482675262,0.4411764705882353,0.35294117647058826,0.5882352941176471,0.6232876712328768,0.5299851964921698,0.104462852428752,0.7104485629868386,0.4987654455120778,30,55,91,21
any_brar_level_2_3_vs_1,image_finetuned_efficientnet_b0,image_only,single lightly fine-tuned same-split comparator,2,20260607,3,0.6449326493348994,197,163,0.751269035532995,0.7333092746300975,0.835016835016835,0.9253731343283582,0.7607361963190185,0.7058823529411765,0.42550124705524,0.08417800182000407,0.8027787802237459,0.9522271239281492,124,10,24,39
severe_level_3_vs_1_2,image_finetuned_efficientnet_b0,image_only,single lightly fine-tuned same-split comparator,2,20260607,4,0.31620925418786927,197,51,0.6091370558375635,0.6342331453129197,0.47619047619047616,0.3645833333333333,0.6862745098039216,0.5821917808219178,0.5451744400943166,0.05769795197378129,0.6865431103948428,0.488654842792045,35,61,85,16
any_brar_level_2_3_vs_1,image_finetuned_efficientnet_b0,image_only,single lightly fine-tuned same-split comparator,2,20260607,4,0.7111216255330677,197,163,0.6294416243654822,0.6829664381089859,0.7286245353159851,0.9245283018867925,0.6012269938650306,0.7647058823529411,0.4646794433996624,0.09858807324419103,0.7601948754962107,0.9385229351619018,98,8,26,65
severe_level_3_vs_1_2,image_finetuned_efficientnet_b0,image_only,single lightly fine-tuned same-split comparator,3,20260608,0,0.281362058462907,198,52,0.5454545454545454,0.6484457323498419,0.5,0.3515625,0.8653846153846154,0.4315068493150685,0.5326533062120692,0.08414327733848966,0.7156217070600632,0.5045780952883152,45,83,63,7
any_brar_level_2_3_vs_1,image_finetuned_efficientnet_b0,image_only,single lightly fine-tuned same-split comparator,3,20260608,0,0.6616878798190791,198,164,0.7171717171717171,0.759325681492109,0.8028169014084507,0.95,0.6951219512195121,0.8235294117647058,0.42916479366627197,0.13229194338814051,0.8007532281205165,0.9400000478754191,114,6,28,50
severe_level_3_vs_1_2,image_finetuned_efficientnet_b0,image_only,single lightly fine-tuned same-split comparator,3,20260608,1,0.39775243637088364,198,52,0.7474747474747475,0.649236037934668,0.4791666666666667,0.5227272727272727,0.4423076923076923,0.8561643835616438,0.5219244478530246,0.0441713411734293,0.7099578503688092,0.5175731107217572,23,21,125,29
any_brar_level_2_3_vs_1,image_finetuned_efficientnet_b0,image_only,single lightly fine-tuned same-split comparator,3,20260608,1,0.4690800783869178,198,164,0.7727272727272727,0.6529770444763271,0.8589341692789969,0.8838709677419355,0.8353658536585366,0.47058823529411764,0.522664142239919,0.078466531605629,0.7146700143472025,0.9215547934572614,137,18,16,27
severe_level_3_vs_1_2,image_finetuned_efficientnet_b0,image_only,single lightly fine-tuned same-split comparator,3,20260608,2,0.3344375415200134,198,52,0.6666666666666666,0.6749209694415174,0.5217391304347826,0.4186046511627907,0.6923076923076923,0.6575342465753424,0.5188717140300835,0.0679661826171151,0.7252370916754478,0.5105518821067414,36,50,96,16
any_brar_level_2_3_vs_1,image_finetuned_efficientnet_b0,image_only,single lightly fine-tuned same-split comparator,3,20260608,2,0.770106234564941,198,164,0.6464646464646465,0.7632711621233859,0.732824427480916,0.9795918367346939,0.5853658536585366,0.9411764705882353,0.3756270972126974,0.1112832263126908,0.8744619799139168,0.9720696908564364,96,2,32,68
severe_level_3_vs_1_2,image_finetuned_efficientnet_b0,image_only,single lightly fine-tuned same-split comparator,3,20260608,3,0.36845012554811013,197,51,0.6446700507614214,0.645447219983884,0.4852941176470588,0.38823529411764707,0.6470588235294118,0.6438356164383562,0.5245378315998924,0.1069009877663776,0.7434864356701584,0.5252198552346842,33,52,94,18
any_brar_level_2_3_vs_1,image_finetuned_efficientnet_b0,image_only,single lightly fine-tuned same-split comparator,3,20260608,3,0.6790844476418367,197,163,0.6598984771573604,0.6548177553229881,0.7632508833922261,0.9,0.6625766871165644,0.6470588235294118,0.46359939188437643,0.09406249379891113,0.7170696499458679,0.9200011351934891,108,12,22,55
severe_level_3_vs_1_2,image_finetuned_efficientnet_b0,image_only,single lightly fine-tuned same-split comparator,3,20260608,4,0.38230460925191884,197,51,0.7309644670050761,0.6972871340316948,0.5470085470085471,0.48484848484848486,0.6274509803921569,0.7671232876712328,0.5139697646814995,0.06233109494646186,0.7218640881009939,0.5308572524286109,32,34,112,19
any_brar_level_2_3_vs_1,image_finetuned_efficientnet_b0,image_only,single lightly fine-tuned same-split comparator,3,20260608,4,0.7546941565757488,197,163,0.5634517766497462,0.7012811259473114,0.6504065040650406,0.963855421686747,0.49079754601226994,0.9117647058823529,0.45106210434826605,0.13174088006023726,0.8210032479249368,0.9571363389763998,80,3,31,83
severe_level_3_vs_1_2,image_plus_age_sex,metadata_sensitivity,allowed metadata sensitivity,1,20260606,0,0.2907406917086336,198,52,0.6313131313131313,0.6819020021074815,0.5290322580645161,0.39805825242718446,0.7884615384615384,0.5753424657534246,0.5454102884692633,0.09790775117797519,0.7066649104320336,0.42769232752789144,41,62,84,11
any_brar_level_2_3_vs_1,image_plus_age_sex,metadata_sensitivity,allowed metadata sensitivity,1,20260606,0,0.7799983238635448,198,164,0.702020202020202,0.7152080344332855,0.794425087108014,0.926829268292683,0.6951219512195121,0.7352941176470589,0.37111895624703856,0.06804846635479024,0.8100789096126255,0.9519636852178537,114,9,25,50
severe_level_3_vs_1_2,image_plus_age_sex,metadata_sensitivity,allowed metadata sensitivity,1,20260606,1,0.25358018812216804,198,52,0.5858585858585859,0.589172813487882,0.4305555555555556,0.33695652173913043,0.5961538461538461,0.5821917808219178,0.6240189986651193,0.13931716030835903,0.6468651211801897,0.4108303672788453,31,61,85,21
any_brar_level_2_3_vs_1,image_plus_age_sex,metadata_sensitivity,allowed metadata sensitivity,1,20260606,1,0.807452593055817,198,164,0.7323232323232324,0.7684720229555236,0.8153310104529616,0.9512195121951219,0.7134146341463414,0.8235294117647058,0.3953775391470082,0.0947975163469589,0.7758249641319942,0.9413102381504121,117,6,28,47
severe_level_3_vs_1_2,image_plus_age_sex,metadata_sensitivity,allowed metadata sensitivity,1,20260606,2,0.346098545314439,198,52,0.7272727272727273,0.7036354056902002,0.5573770491803278,0.4857142857142857,0.6538461538461539,0.7534246575342466,0.503263508789879,0.04171938632459614,0.7689673340358272,0.510538588218969,34,36,110,18
any_brar_level_2_3_vs_1,image_plus_age_sex,metadata_sensitivity,allowed metadata sensitivity,1,20260606,2,0.6719231607389878,198,164,0.7474747474747475,0.7426470588235294,0.831081081081081,0.9318181818181818,0.75,0.7352941176470589,0.41430607370540373,0.08294387916053154,0.7878407460545193,0.9361175182774686,123,9,25,41
severe_level_3_vs_1_2,image_plus_age_sex,metadata_sensitivity,allowed metadata sensitivity,1,20260606,3,0.37998082459724186,197,51,0.6903553299492385,0.6124764974482944,0.42990654205607476,0.4107142857142857,0.45098039215686275,0.773972602739726,0.5443795582001636,0.06876064418179095,0.6697555734622616,0.4873125173997108,23,33,113,28
any_brar_level_2_3_vs_1,image_plus_age_sex,metadata_sensitivity,allowed metadata sensitivity,1,20260606,3,0.7226547392021756,197,163,0.649746192893401,0.7068747744496571,0.7453874538745388,0.9351851851851852,0.6196319018404908,0.7941176470588235,0.42134155013377683,0.11360803707566576,0.7915914832190545,0.9259244617735971,101,7,27,62
severe_level_3_vs_1_2,image_plus_age_sex,metadata_sensitivity,allowed metadata sensitivity,1,20260606,4,0.39186268777624855,197,51,0.7106598984771574,0.6389336556540425,0.4672897196261682,0.44642857142857145,0.49019607843137253,0.7876712328767124,0.5284882001830489,0.040312935345793166,0.7023905452591995,0.4783235557723085,25,31,115,26
any_brar_level_2_3_vs_1,image_plus_age_sex,metadata_sensitivity,allowed metadata sensitivity,1,20260606,4,0.7101719728154273,197,163,0.6802030456852792,0.6787260916636593,0.7789473684210526,0.9098360655737705,0.6809815950920245,0.6764705882352942,0.42160152424538755,0.08763448317703405,0.7571273908336341,0.9394941375649044,111,11,23,52
severe_level_3_vs_1_2,image_plus_age_sex,metadata_sensitivity,allowed metadata sensitivity,2,20260607,0,0.3268411446424122,198,52,0.6565656565656566,0.6556902002107481,0.5,0.40476190476190477,0.6538461538461539,0.6575342465753424,0.5194309234577388,0.06998547270715617,0.7258956796628029,0.4623433948036035,34,50,96,18
any_brar_level_2_3_vs_1,image_plus_age_sex,metadata_sensitivity,allowed metadata sensitivity,2,20260607,0,0.7197920899473762,198,164,0.7272727272727273,0.7187948350071736,0.8163265306122449,0.9230769230769231,0.7317073170731707,0.7058823529411765,0.41613451036669674,0.07677806410367867,0.7648852223816356,0.9350530022308107,120,10,24,44
severe_level_3_vs_1_2,image_plus_age_sex,metadata_sensitivity,allowed metadata sensitivity,2,20260607,1,0.33489964550018664,198,52,0.6464646464646465,0.6116965226554267,0.4444444444444444,0.3783783783783784,0.5384615384615384,0.684931506849315,0.5864678582704189,0.12546501578709499,0.6188092729188619,0.4179327682039322,28,46,100,24
any_brar_level_2_3_vs_1,image_plus_age_sex,metadata_sensitivity,allowed metadata sensitivity,2,20260607,1,0.7331727810592612,198,164,0.6717171717171717,0.7318866571018652,0.7636363636363637,0.9459459459459459,0.6402439024390244,0.8235294117647058,0.38604282677714286,0.0974898705570452,0.8258608321377332,0.9516975947821322,105,6,28,59
severe_level_3_vs_1_2,image_plus_age_sex,metadata_sensitivity,allowed metadata sensitivity,2,20260607,2,0.25561318700224406,198,52,0.5757575757575758,0.6194678609062171,0.46835443037974683,0.3490566037735849,0.7115384615384616,0.5273972602739726,0.5820332714426851,0.06993956074754573,0.6325079030558484,0.413971578948363,37,69,77,15
any_brar_level_2_3_vs_1,image_plus_age_sex,metadata_sensitivity,allowed metadata sensitivity,2,20260607,2,0.707720221013113,198,164,0.7575757575757576,0.7370875179340028,0.84,0.9264705882352942,0.7682926829268293,0.7058823529411765,0.4121996651499565,0.09268203868636148,0.7675753228120518,0.9325197399325413,126,10,24,38
severe_level_3_vs_1_2,image_plus_age_sex,metadata_sensitivity,allowed metadata sensitivity,2,20260607,3,0.29351403109686564,197,51,0.6294416243654822,0.647931775449906,0.48951048951048953,0.3804347826086957,0.6862745098039216,0.6095890410958904,0.5331034801221101,0.09420001312347956,0.7080311576685469,0.4346871783616617,35,57,89,16
any_brar_level_2_3_vs_1,image_plus_age_sex,metadata_sensitivity,allowed metadata sensitivity,2,20260607,3,0.599844268165935,197,163,0.7614213197969543,0.6463370624323349,0.8507936507936508,0.881578947368421,0.8220858895705522,0.47058823529411764,0.42643404882144703,0.07998563707273336,0.7416095272464813,0.9333895107030211,134,18,16,29
severe_level_3_vs_1_2,image_plus_age_sex,metadata_sensitivity,allowed metadata sensitivity,2,20260607,4,0.22829597936414342,197,51,0.5126903553299492,0.6138195004029009,0.4666666666666667,0.32558139534883723,0.8235294117647058,0.4041095890410959,0.5395964401044456,0.08831054050636648,0.7009132420091325,0.48554129699940085,42,87,59,9
any_brar_level_2_3_vs_1,image_plus_age_sex,metadata_sensitivity,allowed metadata sensitivity,2,20260607,4,0.6992551990708903,197,163,0.7360406091370558,0.7473836160230963,0.8206896551724138,0.937007874015748,0.7300613496932515,0.7647058823529411,0.3854920186600017,0.10442216106465362,0.8222663298448214,0.9500553393296468,119,8,26,44
severe_level_3_vs_1_2,image_plus_age_sex,metadata_sensitivity,allowed metadata sensitivity,3,20260608,0,0.259976045591778,198,52,0.5606060606060606,0.5968124341412013,0.445859872611465,0.3333333333333333,0.6730769230769231,0.5205479452054794,0.5715575295660342,0.0736086937124968,0.6417281348788197,0.41301924859009104,35,70,76,17
any_brar_level_2_3_vs_1,image_plus_age_sex,metadata_sensitivity,allowed metadata sensitivity,3,20260608,0,0.7626421689519092,198,164,0.6616161616161617,0.6675035868005739,0.7632508833922261,0.907563025210084,0.6585365853658537,0.6764705882352942,0.4079683899466984,0.07282663005667299,0.7702654232424677,0.9397130773254844,108,11,23,56
severe_level_3_vs_1_2,image_plus_age_sex,metadata_sensitivity,allowed metadata sensitivity,3,20260608,1,0.3366112473353999,198,52,0.6919191919191919,0.648709167544784,0.48739495798319327,0.43283582089552236,0.5576923076923077,0.7397260273972602,0.5537457440715763,0.06319056714422625,0.6816385669125394,0.46314047032829225,29,38,108,23
any_brar_level_2_3_vs_1,image_plus_age_sex,metadata_sensitivity,allowed metadata sensitivity,3,20260608,1,0.7582587485821028,198,164,0.6161616161616161,0.6750358680057389,0.7164179104477612,0.9230769230769231,0.5853658536585366,0.7647058823529411,0.4448568291906887,0.08427615811472942,0.7297345767575324,0.9297195413370086,96,8,26,68
severe_level_3_vs_1_2,image_plus_age_sex,metadata_sensitivity,allowed metadata sensitivity,3,20260608,2,0.31302064299821974,198,52,0.6262626262626263,0.6660958904109588,0.5131578947368421,0.39,0.75,0.5821917808219178,0.5140172178160762,0.08138428698732413,0.7525026343519493,0.5578835177570909,39,61,85,13
any_brar_level_2_3_vs_1,image_plus_age_sex,metadata_sensitivity,allowed metadata sensitivity,3,20260608,2,0.7124648618694667,198,164,0.7575757575757576,0.8070301291248206,0.8333333333333334,0.967741935483871,0.7317073170731707,0.8823529411764706,0.36284616118081775,0.11630662676615192,0.8787661406025825,0.9728598646109738,120,4,30,44
severe_level_3_vs_1_2,image_plus_age_sex,metadata_sensitivity,allowed metadata sensitivity,3,20260608,3,0.32361671797791436,197,51,0.6192893401015228,0.6602202524845555,0.5033112582781457,0.38,0.7450980392156863,0.5753424657534246,0.531029717377723,0.1211623062211867,0.738248724147193,0.5413382692280477,38,62,84,13
any_brar_level_2_3_vs_1,image_plus_age_sex,metadata_sensitivity,allowed metadata sensitivity,3,20260608,3,0.7071259897717396,197,163,0.7614213197969543,0.6579754601226994,0.8498402555910544,0.8866666666666667,0.8159509202453987,0.5,0.4106217320015113,0.0482098590328036,0.7464814146517502,0.9218615930209855,133,17,17,30
severe_level_3_vs_1_2,image_plus_age_sex,metadata_sensitivity,allowed metadata sensitivity,3,20260608,4,0.3815310916722145,197,51,0.6954314720812182,0.6095218909481601,0.4230769230769231,0.41509433962264153,0.43137254901960786,0.7876712328767124,0.5770857210439744,0.07170932505441516,0.6635777598710717,0.38878424527428357,22,31,115,29
any_brar_level_2_3_vs_1,image_plus_age_sex,metadata_sensitivity,allowed metadata sensitivity,3,20260608,4,0.7616063625654483,197,163,0.6192893401015228,0.6535546734031036,0.7232472324723247,0.9074074074074074,0.6012269938650306,0.7058823529411765,0.4478940518086374,0.06077896576752054,0.7029953085528691,0.9266424095241736,98,10,24,65
severe_level_3_vs_1_2,image_plus_downstream_age_sex_upper_bound,upper_bound,non-deployment upper-bound sensitivity,1,20260606,0,0.25270190213861765,198,52,0.5505050505050505,0.6394889357218124,0.49142857142857144,0.34959349593495936,0.8269230769230769,0.4520547945205479,0.5356344301175169,0.0741496983463518,0.7251053740779768,0.47101602793877256,43,80,66,9
any_brar_level_2_3_vs_1,image_plus_downstream_age_sex_upper_bound,upper_bound,non-deployment upper-bound sensitivity,1,20260606,0,0.8204798087386682,198,164,0.6212121212121212,0.7013988522238164,0.7169811320754716,0.9405940594059405,0.5792682926829268,0.8235294117647058,0.3662358828589935,0.054037898971917395,0.8100789096126255,0.9528603626374649,95,6,28,69
severe_level_3_vs_1_2,image_plus_downstream_age_sex_upper_bound,upper_bound,non-deployment upper-bound sensitivity,1,20260606,1,0.334764364934488,198,52,0.6212121212121212,0.5945732349841939,0.42748091603053434,0.35443037974683544,0.5384615384615384,0.6506849315068494,0.5742586831085588,0.08819844185141769,0.6448893572181243,0.42178197261910955,28,51,95,24
any_brar_level_2_3_vs_1,image_plus_downstream_age_sex_upper_bound,upper_bound,non-deployment upper-bound sensitivity,1,20260606,1,0.7671076054139012,198,164,0.7373737373737373,0.7482065997130559,0.821917808219178,0.9375,0.7317073170731707,0.7647058823529411,0.37675863076511795,0.06411249736065962,0.7971664275466284,0.9501128034928729,120,8,26,44
severe_level_3_vs_1_2,image_plus_downstream_age_sex_upper_bound,upper_bound,non-deployment upper-bound sensitivity,1,20260606,2,0.34058042400423266,198,52,0.7171717171717171,0.696786090621707,0.5483870967741935,0.4722222222222222,0.6538461538461539,0.7397260273972602,0.5039882348498327,0.05087467389677645,0.7689673340358272,0.5002220799759708,34,38,108,18
any_brar_level_2_3_vs_1,image_plus_downstream_age_sex_upper_bound,upper_bound,non-deployment upper-bound sensitivity,1,20260606,2,0.670392282071145,198,164,0.7525252525252525,0.7456958393113343,0.835016835016835,0.9323308270676691,0.7560975609756098,0.7352941176470589,0.41454687887281944,0.0837415158293296,0.7889167862266857,0.9353752988947903,124,9,25,40
severe_level_3_vs_1_2,image_plus_downstream_age_sex_upper_bound,upper_bound,non-deployment upper-bound sensitivity,1,20260606,3,0.35874121584317925,197,51,0.7106598984771574,0.6644507117915659,0.5043478260869565,0.453125,0.5686274509803921,0.7602739726027398,0.5413412672460551,0.06173374717348031,0.6856030083266182,0.4882757396269022,29,35,111,22
any_brar_level_2_3_vs_1,image_plus_downstream_age_sex_upper_bound,upper_bound,non-deployment upper-bound sensitivity,1,20260606,3,0.7301640159073848,197,163,0.6649746192893401,0.7277156261277518,0.7573529411764706,0.944954128440367,0.6319018404907976,0.8235294117647058,0.3986892673135519,0.10959967213549361,0.8260555756044748,0.9385924887210557,103,6,28,60
severe_level_3_vs_1_2,image_plus_downstream_age_sex_upper_bound,upper_bound,non-deployment upper-bound sensitivity,1,20260606,4,0.4330012269477225,197,51,0.6903553299492385,0.5997179693795327,0.4077669902912621,0.40384615384615385,0.4117647058823529,0.7876712328767124,0.6267785608410741,0.08354178382630963,0.61778135911899,0.3916787752587343,21,31,115,30
any_brar_level_2_3_vs_1,image_plus_downstream_age_sex_upper_bound,upper_bound,non-deployment upper-bound sensitivity,1,20260606,4,0.8256765886886215,197,163,0.5583756345177665,0.6516600505232768,0.6561264822134387,0.9222222222222223,0.50920245398773,0.7941176470588235,0.46571027188526215,0.1101513041538038,0.6901840490797545,0.91830407822673,83,7,27,80
severe_level_3_vs_1_2,image_plus_downstream_age_sex_upper_bound,upper_bound,non-deployment upper-bound sensitivity,2,20260607,0,0.329850210377605,198,52,0.6616161616161617,0.6591148577449948,0.5037037037037037,0.40963855421686746,0.6538461538461539,0.6643835616438356,0.519442087510384,0.06547647636638905,0.7281348788198103,0.4681031010194725,34,49,97,18
any_brar_level_2_3_vs_1,image_plus_downstream_age_sex_upper_bound,upper_bound,non-deployment upper-bound sensitivity,2,20260607,0,0.7165929680879275,198,164,0.7272727272727273,0.7187948350071736,0.8163265306122449,0.9230769230769231,0.7317073170731707,0.7058823529411765,0.41608004033933654,0.0653154660137435,0.7652439024390244,0.9351490776357447,120,10,24,44
severe_level_3_vs_1_2,image_plus_downstream_age_sex_upper_bound,upper_bound,non-deployment upper-bound sensitivity,2,20260607,1,0.3353342620293138,198,52,0.6464646464646465,0.6116965226554267,0.4444444444444444,0.3783783783783784,0.5384615384615384,0.684931506849315,0.5861110081106887,0.12534430439661878,0.6199947312961012,0.4191775212942997,28,46,100,24
any_brar_level_2_3_vs_1,image_plus_downstream_age_sex_upper_bound,upper_bound,non-deployment upper-bound sensitivity,2,20260607,1,0.7302502335550962,198,164,0.6767676767676768,0.73493543758967,0.7681159420289855,0.9464285714285714,0.6463414634146342,0.8235294117647058,0.3857083226893309,0.09756166056570426,0.8274748923959828,0.952617787152481,106,6,28,58
severe_level_3_vs_1_2,image_plus_downstream_age_sex_upper_bound,upper_bound,non-deployment upper-bound sensitivity,2,20260607,2,0.25311500681251975,198,52,0.5707070707070707,0.6160432033719705,0.46540880503144655,0.34579439252336447,0.7115384615384616,0.5205479452054794,0.5773675734827977,0.07099297751120547,0.6352739726027398,0.4183925963464664,37,70,76,15
any_brar_level_2_3_vs_1,image_plus_downstream_age_sex_upper_bound,upper_bound,non-deployment upper-bound sensitivity,2,20260607,2,0.7093127220032749,198,164,0.7424242424242424,0.7279411764705883,0.8282828282828283,0.924812030075188,0.75,0.7058823529411765,0.4114790114639038,0.08006895520611024,0.7679340028694405,0.9327001765804525,123,10,24,41
severe_level_3_vs_1_2,image_plus_downstream_age_sex_upper_bound,upper_bound,non-deployment upper-bound sensitivity,2,20260607,3,0.29122591803756315,197,51,0.6294416243654822,0.647931775449906,0.48951048951048953,0.3804347826086957,0.6862745098039216,0.6095890410958904,0.5371465103206405,0.1003666524301081,0.7026591458501208,0.43676496843067797,35,57,89,16
any_brar_level_2_3_vs_1,image_plus_downstream_age_sex_upper_bound,upper_bound,non-deployment upper-bound sensitivity,2,20260607,3,0.595849233087656,197,163,0.766497461928934,0.6494045470949116,0.8544303797468354,0.8823529411764706,0.8282208588957055,0.47058823529411764,0.42581721436923187,0.07869129245108474,0.7450378924575966,0.9343255116579806,135,18,16,28
severe_level_3_vs_1_2,image_plus_downstream_age_sex_upper_bound,upper_bound,non-deployment upper-bound sensitivity,2,20260607,4,0.2241460732538378,197,51,0.5025380710659898,0.6133494493687885,0.4673913043478261,0.3233082706766917,0.8431372549019608,0.3835616438356164,0.5376404855677028,0.0882096641026529,0.7030620467365027,0.49339619372606974,43,90,56,8
any_brar_level_2_3_vs_1,image_plus_downstream_age_sex_upper_bound,upper_bound,non-deployment upper-bound sensitivity,2,20260607,4,0.6986505395178986,197,163,0.7360406091370558,0.7473836160230963,0.8206896551724138,0.937007874015748,0.7300613496932515,0.7647058823529411,0.3855802705032658,0.0943332498943427,0.8231685312161675,0.9499730029262947,119,8,26,44
severe_level_3_vs_1_2,image_plus_downstream_age_sex_upper_bound,upper_bound,non-deployment upper-bound sensitivity,3,20260608,0,0.2364398694062509,198,52,0.5202020202020202,0.5879873551106427,0.4444444444444444,0.31932773109243695,0.7307692307692307,0.4452054794520548,0.5717695447208351,0.0772044951931529,0.6419915700737618,0.4128879619572796,38,81,65,14
any_brar_level_2_3_vs_1,image_plus_downstream_age_sex_upper_bound,upper_bound,non-deployment upper-bound sensitivity,3,20260608,0,0.7672175839550437,198,164,0.6666666666666666,0.6822094691535151,0.7659574468085106,0.9152542372881356,0.6585365853658537,0.7058823529411765,0.408952128392742,0.07352125511737041,0.7690100430416069,0.9390333972483804,108,10,24,56
severe_level_3_vs_1_2,image_plus_downstream_age_sex_upper_bound,upper_bound,non-deployment upper-bound sensitivity,3,20260608,1,0.33564094615898477,198,52,0.6919191919191919,0.648709167544784,0.48739495798319327,0.43283582089552236,0.5576923076923077,0.7397260273972602,0.5532052319431463,0.06608526467076885,0.6825605900948366,0.46029338919832213,29,38,108,23
any_brar_level_2_3_vs_1,image_plus_downstream_age_sex_upper_bound,upper_bound,non-deployment upper-bound sensitivity,3,20260608,1,0.7603416811287391,198,164,0.6111111111111112,0.6836441893830703,0.7094339622641509,0.9306930693069307,0.573170731707317,0.7941176470588235,0.4440276753859867,0.08161414521272867,0.7311692969870875,0.9301315106851678,94,7,27,70
severe_level_3_vs_1_2,image_plus_downstream_age_sex_upper_bound,upper_bound,non-deployment upper-bound sensitivity,3,20260608,2,0.3105543633958582,198,52,0.6363636363636364,0.6853266596417281,0.5324675324675324,0.4019607843137255,0.7884615384615384,0.5821917808219178,0.5135360189184692,0.08412565488759646,0.7536880927291886,0.5667119845162831,41,61,85,11
any_brar_level_2_3_vs_1,image_plus_downstream_age_sex_upper_bound,upper_bound,non-deployment upper-bound sensitivity,3,20260608,2,0.8270292955233944,198,164,0.5353535353535354,0.7195121951219512,0.6101694915254238,1.0,0.43902439024390244,1.0,0.36262381889523515,0.1237796053167247,0.8793041606886657,0.9728951257668832,72,0,34,92
severe_level_3_vs_1_2,image_plus_downstream_age_sex_upper_bound,upper_bound,non-deployment upper-bound sensitivity,3,20260608,3,0.31448853733701276,197,51,0.6091370558375635,0.6597502014504432,0.5032258064516129,0.375,0.7647058823529411,0.5547945205479452,0.531734532097176,0.11643968629998559,0.7377115229653505,0.5322264894868531,39,65,81,12
any_brar_level_2_3_vs_1,image_plus_downstream_age_sex_upper_bound,upper_bound,non-deployment upper-bound sensitivity,3,20260608,3,0.70479209300054,197,163,0.766497461928934,0.6610429447852761,0.8535031847133758,0.8874172185430463,0.8220858895705522,0.5,0.4095367460189126,0.040176718515738584,0.7508119812342114,0.9238529322738912,134,17,17,29
severe_level_3_vs_1_2,image_plus_downstream_age_sex_upper_bound,upper_bound,non-deployment upper-bound sensitivity,3,20260608,4,0.37489525406876406,197,51,0.6954314720812182,0.6222804190169218,0.4444444444444444,0.42105263157894735,0.47058823529411764,0.773972602739726,0.5800627761187517,0.06502501622847534,0.6603545527800162,0.3892525687470383,24,33,113,27
any_brar_level_2_3_vs_1,image_plus_downstream_age_sex_upper_bound,upper_bound,non-deployment upper-bound sensitivity,3,20260608,4,0.7633678049263939,197,163,0.6192893401015228,0.6651930710934681,0.7211895910780669,0.9150943396226415,0.5950920245398773,0.7352941176470589,0.44625841459593907,0.054261431368404923,0.7060627932154457,0.9274418227231331,97,9,25,66
severe_level_3_vs_1_2,image_resnet50,image_only,predeclared stronger encoder check,1,20260606,0,0.21385676950216156,198,52,0.43434343434343436,0.5731032665964173,0.44554455445544555,0.3,0.8653846153846154,0.2808219178082192,0.5423350194731087,0.07693222081482345,0.6717597471022129,0.4812389351799084,45,105,41,7
any_brar_level_2_3_vs_1,image_resnet50,image_only,predeclared stronger encoder check,1,20260606,0,0.6765921289060777,198,164,0.797979797979798,0.7148493543758967,0.8734177215189873,0.9078947368421053,0.8414634146341463,0.5882352941176471,0.38914488885345766,0.07272910251879407,0.7946556671449068,0.9481438017150214,138,14,20,26
severe_level_3_vs_1_2,image_resnet50,image_only,predeclared stronger encoder check,1,20260606,1,0.2917578135978509,198,52,0.6060606060606061,0.6090621707060063,0.4507042253521127,0.35555555555555557,0.6153846153846154,0.6027397260273972,0.5812817801790124,0.07615825157060822,0.6339567966280296,0.3845079585301318,32,58,88,20
any_brar_level_2_3_vs_1,image_resnet50,image_only,predeclared stronger encoder check,1,20260606,1,0.7182382964667036,198,164,0.702020202020202,0.6918938307030129,0.7972508591065293,0.9133858267716536,0.7073170731707317,0.6764705882352942,0.4133258683781418,0.08515255558446388,0.7657819225251076,0.9325620829589896,116,11,23,48
severe_level_3_vs_1_2,image_resnet50,image_only,predeclared stronger encoder check,1,20260606,2,0.3940101781691576,198,52,0.7373737373737373,0.6423867228661749,0.46938775510204084,0.5,0.4423076923076923,0.8424657534246576,0.5581394270458445,0.045428041622880326,0.6746575342465754,0.4214434051211626,23,23,123,29
any_brar_level_2_3_vs_1,image_resnet50,image_only,predeclared stronger encoder check,1,20260606,2,0.7649416418437287,198,164,0.6464646464646465,0.6583572453371593,0.75,0.9051724137931034,0.6402439024390244,0.6764705882352942,0.42723494357905945,0.07766084154336496,0.7288378766140603,0.9258298881053543,105,11,23,59
severe_level_3_vs_1_2,image_resnet50,image_only,predeclared stronger encoder check,1,20260606,3,0.3378596883126908,197,51,0.6345177664974619,0.6003223207091055,0.42857142857142855,0.36,0.5294117647058824,0.6712328767123288,0.5551840357754173,0.10124525244537781,0.6398066075745366,0.5056585647620764,27,48,98,24
any_brar_level_2_3_vs_1,image_resnet50,image_only,predeclared stronger encoder check,1,20260606,3,0.6362150022082319,197,163,0.8071065989847716,0.6855828220858895,0.8819875776397516,0.8930817610062893,0.8711656441717791,0.5,0.4013935322600198,0.08620926230863407,0.7838325514254781,0.935004959127217,142,17,17,21
severe_level_3_vs_1_2,image_resnet50,image_only,predeclared stronger encoder check,1,20260606,4,0.3558965762321254,197,51,0.700507614213198,0.6320843405855493,0.45871559633027525,0.43103448275862066,0.49019607843137253,0.773972602739726,0.5558062987520085,0.07591794602731874,0.651893634165995,0.41313251798587863,25,33,113,26
any_brar_level_2_3_vs_1,image_resnet50,image_only,predeclared stronger encoder check,1,20260606,4,0.7600171624995893,197,163,0.6751269035532995,0.6989354023818116,0.7714285714285715,0.9230769230769231,0.6625766871165644,0.7352941176470589,0.4110572368521655,0.07693416035188028,0.755503428365211,0.9319531089317276,108,9,25,55
severe_level_3_vs_1_2,image_resnet50,image_only,predeclared stronger encoder check,2,20260607,0,0.3437812797917514,198,52,0.6414141414141414,0.5896996838777661,0.4132231404958678,0.36231884057971014,0.4807692307692308,0.6986301369863014,0.575725319606847,0.06356930634545482,0.6280295047418335,0.4204338020399654,25,44,102,27
any_brar_level_2_3_vs_1,image_resnet50,image_only,predeclared stronger encoder check,2,20260607,0,0.8009786592760204,198,164,0.6111111111111112,0.6836441893830703,0.7094339622641509,0.9306930693069307,0.573170731707317,0.7941176470588235,0.4247917143635378,0.06210089681746737,0.7230989956958394,0.926869372718858,94,7,27,70
severe_level_3_vs_1_2,image_resnet50,image_only,predeclared stronger encoder check,2,20260607,1,0.31442671891171664,198,52,0.6515151515151515,0.6336933614330875,0.4732824427480916,0.3924050632911392,0.5961538461538461,0.6712328767123288,0.5598246347682403,0.07531811515328563,0.6733403582718652,0.4995050162901641,31,48,98,21
any_brar_level_2_3_vs_1,image_resnet50,image_only,predeclared stronger encoder check,2,20260607,1,0.7488680990990267,198,164,0.6818181818181818,0.7263271162123386,0.7741935483870968,0.9391304347826087,0.6585365853658537,0.7941176470588235,0.42000388832515284,0.07477975357801306,0.7591463414634148,0.9284728226200978,108,7,27,56
severe_level_3_vs_1_2,image_resnet50,image_only,predeclared stronger encoder check,2,20260607,2,0.26043977668130086,198,52,0.6060606060606061,0.5842992623814541,0.417910447761194,0.34146341463414637,0.5384615384615384,0.6301369863013698,0.5943487087354627,0.08468280970695308,0.6221022128556375,0.37414711569209264,28,54,92,24
any_brar_level_2_3_vs_1,image_resnet50,image_only,predeclared stronger encoder check,2,20260607,2,0.6005750634050057,198,164,0.7929292929292929,0.6768292682926829,0.8722741433021807,0.89171974522293,0.8536585365853658,0.5,0.41729960815670103,0.11184855929722055,0.7435437589670014,0.9279992589183044,140,17,17,24
severe_level_3_vs_1_2,image_resnet50,image_only,predeclared stronger encoder check,2,20260607,3,0.43700398758011305,197,51,0.7360406091370558,0.5922643029814666,0.36585365853658536,0.4838709677419355,0.29411764705882354,0.8904109589041096,0.5470289639748311,0.05398955939915322,0.693795326349718,0.4242591634610109,15,16,130,36
any_brar_level_2_3_vs_1,image_resnet50,image_only,predeclared stronger encoder check,2,20260607,3,0.7553622825925371,197,163,0.6446700507614214,0.692168892096716,0.7426470588235294,0.926605504587156,0.6196319018404908,0.7647058823529411,0.4126197194262597,0.07300756505560313,0.7715626127751714,0.9347900851193098,101,8,26,62
severe_level_3_vs_1_2,image_resnet50,image_only,predeclared stronger encoder check,2,20260607,4,0.42385629740464625,197,51,0.7411167512690355,0.6275852806876175,0.43956043956043955,0.5,0.39215686274509803,0.863013698630137,0.5713010223931354,0.07993961013030212,0.6240934730056407,0.4068362986572494,20,20,126,31
any_brar_level_2_3_vs_1,image_resnet50,image_only,predeclared stronger encoder check,2,20260607,4,0.7634699516285544,197,163,0.6700507614213198,0.7540599061710573,0.758364312267658,0.9622641509433962,0.6257668711656442,0.8823529411764706,0.4023873856282659,0.09559348415780713,0.8090941898231685,0.9543898312641835,102,4,30,61
severe_level_3_vs_1_2,image_resnet50,image_only,predeclared stronger encoder check,3,20260608,0,0.335023317859157,198,52,0.6212121212121212,0.5574288724973656,0.3697478991596639,0.3283582089552239,0.4230769230769231,0.6917808219178082,0.5767470058217045,0.09601974488066425,0.601949420442571,0.38469714849586156,22,45,101,30
any_brar_level_2_3_vs_1,image_resnet50,image_only,predeclared stronger encoder check,3,20260608,0,0.7562199466178149,198,164,0.6666666666666666,0.7404949784791965,0.7573529411764706,0.9537037037037037,0.6280487804878049,0.8529411764705882,0.3998867837264387,0.08191779522806496,0.7984218077474892,0.9430091874442285,103,5,29,61
severe_level_3_vs_1_2,image_resnet50,image_only,predeclared stronger encoder check,3,20260608,1,0.38545716154348036,198,52,0.7828282828282829,0.6793993677555321,0.5274725274725275,0.6153846153846154,0.46153846153846156,0.8972602739726028,0.4945664117969202,0.06030416291085337,0.7485511064278187,0.5904519771517612,24,15,131,28
any_brar_level_2_3_vs_1,image_resnet50,image_only,predeclared stronger encoder check,3,20260608,1,0.7762904910096422,198,164,0.5858585858585859,0.6917144906743184,0.6796875,0.9456521739130435,0.5304878048780488,0.8529411764705882,0.42727804302228484,0.07888425687882858,0.7460545193687232,0.9335892398193326,87,5,29,77
severe_level_3_vs_1_2,image_resnet50,image_only,predeclared stronger encoder check,3,20260608,2,0.4368224064902305,198,52,0.6717171717171717,0.5421496311907271,0.3010752688172043,0.34146341463414637,0.2692307692307692,0.815068493150685,0.6103978760968555,0.06860804401138298,0.5951001053740779,0.3473797175519232,14,27,119,38
any_brar_level_2_3_vs_1,image_resnet50,image_only,predeclared stronger encoder check,3,20260608,2,0.8106273870350207,198,164,0.5757575757575758,0.6856169296987087,0.6692913385826772,0.9444444444444444,0.5182926829268293,0.8529411764705882,0.4114202805761035,0.06405447219165743,0.7702654232424677,0.9393539488672578,85,5,29,79
severe_level_3_vs_1_2,image_resnet50,image_only,predeclared stronger encoder check,3,20260608,3,0.43842087131286256,197,51,0.7360406091370558,0.6560569433252753,0.49019607843137253,0.49019607843137253,0.49019607843137253,0.821917808219178,0.5737980216308219,0.06762028663392186,0.6517593338705345,0.4123487122005839,25,26,120,26
any_brar_level_2_3_vs_1,image_resnet50,image_only,predeclared stronger encoder check,3,20260608,3,0.7307705876498316,197,163,0.7360406091370558,0.6426380368098159,0.8311688311688312,0.8827586206896552,0.7852760736196319,0.5,0.4580462755565279,0.07454611396107066,0.6591483219054491,0.8734496353267965,128,17,17,35
severe_level_3_vs_1_2,image_resnet50,image_only,predeclared stronger encoder check,3,20260608,4,0.39380989742512346,197,51,0.6954314720812182,0.6286596830513027,0.45454545454545453,0.423728813559322,0.49019607843137253,0.7671232876712328,0.5713701173683828,0.10324129101672574,0.6485361267794788,0.48397509124757554,25,34,112,26
any_brar_level_2_3_vs_1,image_resnet50,image_only,predeclared stronger encoder check,3,20260608,4,0.7327045732670701,197,163,0.7309644670050761,0.7094009382894262,0.8203389830508474,0.9166666666666666,0.7423312883435583,0.6764705882352942,0.38194375914602213,0.07073058838475355,0.8110790328401298,0.956958644997022,121,11,23,42
severe_level_3_vs_1_2,image_tile_efficientnet_b0_meanmax,image_only,tile-based image-only baseline,1,20260606,0,0.3643804873889034,198,52,0.702020202020202,0.6679399367755532,0.512396694214876,0.4492753623188406,0.5961538461538461,0.7397260273972602,0.5138424332525916,0.04510574229643152,0.7224710221285564,0.5564155301955158,31,38,108,21
any_brar_level_2_3_vs_1,image_tile_efficientnet_b0_meanmax,image_only,tile-based image-only baseline,1,20260606,0,0.8736506984100976,198,164,0.5606060606060606,0.6764705882352942,0.6533864541832669,0.9425287356321839,0.5,0.8529411764705882,0.3695717956780464,0.05745636782111468,0.7996771879483501,0.9506231751850123,82,5,29,82
severe_level_3_vs_1_2,image_tile_efficientnet_b0_meanmax,image_only,tile-based image-only baseline,1,20260606,1,0.26865491653889056,198,52,0.5959595959595959,0.6207850368809273,0.4666666666666667,0.35714285714285715,0.6730769230769231,0.5684931506849316,0.5526398077883732,0.07423561542514134,0.6585879873551107,0.4701362128032116,35,63,83,17
any_brar_level_2_3_vs_1,image_tile_efficientnet_b0_meanmax,image_only,tile-based image-only baseline,1,20260606,1,0.6733506802265831,198,164,0.7727272727272727,0.6646341463414633,0.8580441640378549,0.8888888888888888,0.8292682926829268,0.5,0.39626844462227484,0.03728506706780815,0.7654232424677186,0.9410295395152604,136,17,17,28
severe_level_3_vs_1_2,image_tile_efficientnet_b0_meanmax,image_only,tile-based image-only baseline,1,20260606,2,0.45463265351706633,198,52,0.7878787878787878,0.6766332982086407,0.5227272727272727,0.6388888888888888,0.4423076923076923,0.910958904109589,0.5019539642940266,0.08887939060987297,0.7579030558482613,0.5725756368369129,23,13,133,29
any_brar_level_2_3_vs_1,image_tile_efficientnet_b0_meanmax,image_only,tile-based image-only baseline,1,20260606,2,0.728623889417134,198,164,0.7373737373737373,0.7715208034433285,0.8194444444444444,0.9516129032258065,0.7195121951219512,0.8235294117647058,0.3941265447125686,0.0865068108928789,0.8018292682926829,0.9451152350569849,118,6,28,46
severe_level_3_vs_1_2,image_tile_efficientnet_b0_meanmax,image_only,tile-based image-only baseline,1,20260606,3,0.1702410090309302,197,51,0.48223350253807107,0.5996508192318023,0.4574468085106383,0.31386861313868614,0.8431372549019608,0.3561643835616438,0.5751899418229077,0.10243507735756412,0.656191243620736,0.4234916243117415,43,94,52,8
any_brar_level_2_3_vs_1,image_tile_efficientnet_b0_meanmax,image_only,tile-based image-only baseline,1,20260606,3,0.7265858530609596,197,163,0.7411167512690355,0.7853662937567665,0.8210526315789474,0.9590163934426229,0.7177914110429447,0.8529411764705882,0.3686261228431988,0.10629476243170606,0.8421147600144352,0.9498497893778022,117,5,29,46
severe_level_3_vs_1_2,image_tile_efficientnet_b0_meanmax,image_only,tile-based image-only baseline,1,20260606,4,0.3118367479883264,197,51,0.6243654822335025,0.6381278538812785,0.4788732394366197,0.37362637362637363,0.6666666666666666,0.6095890410958904,0.5089976056390516,0.09654964260350643,0.7289820037604082,0.5977737792382317,34,57,89,17
any_brar_level_2_3_vs_1,image_tile_efficientnet_b0_meanmax,image_only,tile-based image-only baseline,1,20260606,4,0.8016480117588857,197,163,0.6345177664974619,0.7209491158426561,0.7272727272727273,0.9504950495049505,0.588957055214724,0.8529411764705882,0.3739639752581356,0.0769831081816394,0.8249729339588595,0.9580767442515474,96,5,29,67
severe_level_3_vs_1_2,image_tile_efficientnet_b0_meanmax,image_only,tile-based image-only baseline,2,20260607,0,0.4049750570888083,198,52,0.7121212121212122,0.6314541622760801,0.45714285714285713,0.4528301886792453,0.46153846153846156,0.8013698630136986,0.5312929008930796,0.05306773557281975,0.6925711275026343,0.48811986911871497,24,29,117,28
any_brar_level_2_3_vs_1,image_tile_efficientnet_b0_meanmax,image_only,tile-based image-only baseline,2,20260607,0,0.7144966519317949,198,164,0.7373737373737373,0.6899210903873745,0.8278145695364238,0.9057971014492754,0.7621951219512195,0.6176470588235294,0.41826234420159447,0.05614661725705227,0.7392395982783357,0.9293953391613948,125,13,21,39
severe_level_3_vs_1_2,image_tile_efficientnet_b0_meanmax,image_only,tile-based image-only baseline,2,20260607,1,0.3014366375538522,198,52,0.6262626262626263,0.6289515279241307,0.4714285714285714,0.375,0.6346153846153846,0.6232876712328768,0.5369767916344883,0.09064588665583023,0.6847997892518441,0.5007840109040903,33,55,91,19
any_brar_level_2_3_vs_1,image_tile_efficientnet_b0_meanmax,image_only,tile-based image-only baseline,2,20260607,1,0.7253466885793254,198,164,0.702020202020202,0.7152080344332855,0.794425087108014,0.926829268292683,0.6951219512195121,0.7352941176470589,0.3990714412792883,0.10001197869822546,0.8021879483500718,0.9517248818355823,114,9,25,50
severe_level_3_vs_1_2,image_tile_efficientnet_b0_meanmax,image_only,tile-based image-only baseline,2,20260607,2,0.19005194511985324,198,52,0.4797979797979798,0.5667808219178082,0.430939226519337,0.3023255813953488,0.75,0.3835616438356164,0.5766144582879285,0.09637594052109766,0.6498946259220233,0.4499883285794633,39,90,56,13
any_brar_level_2_3_vs_1,image_tile_efficientnet_b0_meanmax,image_only,tile-based image-only baseline,2,20260607,2,0.6294629827202969,198,164,0.7676767676767676,0.6848995695839312,0.8525641025641025,0.8986486486486487,0.8109756097560976,0.5588235294117647,0.3996455133760354,0.04905913288541286,0.7928622668579628,0.9391867332016441,133,15,19,31
severe_level_3_vs_1_2,image_tile_efficientnet_b0_meanmax,image_only,tile-based image-only baseline,2,20260607,3,0.37822363723053604,197,51,0.7157360406091371,0.6614961052914317,0.5,0.45901639344262296,0.5490196078431373,0.773972602739726,0.5001568923214313,0.08904987819787247,0.7536932581251679,0.5785361655706973,28,33,113,23
any_brar_level_2_3_vs_1,image_tile_efficientnet_b0_meanmax,image_only,tile-based image-only baseline,2,20260607,3,0.6880552759989464,197,163,0.7360406091370558,0.7357452183327319,0.821917808219178,0.9302325581395349,0.7361963190184049,0.7352941176470589,0.3866925824629961,0.07309122476315645,0.8085528690003608,0.9464079856145795,120,9,25,43
severe_level_3_vs_1_2,image_tile_efficientnet_b0_meanmax,image_only,tile-based image-only baseline,2,20260607,4,0.38744658914637636,197,51,0.7360406091370558,0.7007117915659414,0.5517241379310345,0.49230769230769234,0.6274509803921569,0.773972602739726,0.5418855730744578,0.08163168997403271,0.7147461724415793,0.46432735895193233,32,33,113,19
any_brar_level_2_3_vs_1,image_tile_efficientnet_b0_meanmax,image_only,tile-based image-only baseline,2,20260607,4,0.665997795314705,197,163,0.8121827411167513,0.7817574882713823,0.8794788273615635,0.9375,0.8282208588957055,0.7352941176470589,0.3395523133085997,0.07294224951561952,0.8561891014074341,0.9655624374531029,135,9,25,28
severe_level_3_vs_1_2,image_tile_efficientnet_b0_meanmax,image_only,tile-based image-only baseline,3,20260608,0,0.37861343202119707,198,52,0.6717171717171717,0.5916754478398314,0.4036697247706422,0.38596491228070173,0.4230769230769231,0.7602739726027398,0.5723343057002983,0.04617543855473206,0.6393572181243414,0.400758568523199,22,35,111,30
any_brar_level_2_3_vs_1,image_tile_efficientnet_b0_meanmax,image_only,tile-based image-only baseline,3,20260608,0,0.7311236753687652,198,164,0.7373737373737373,0.7715208034433285,0.8194444444444444,0.9516129032258065,0.7195121951219512,0.8235294117647058,0.36703100966319685,0.06593053133380139,0.8515064562410332,0.9642387260123395,118,6,28,46
severe_level_3_vs_1_2,image_tile_efficientnet_b0_meanmax,image_only,tile-based image-only baseline,3,20260608,1,0.37885910023615404,198,52,0.7121212121212122,0.6376448893572181,0.4672897196261682,0.45454545454545453,0.4807692307692308,0.7945205479452054,0.5179992306114669,0.07538198616163638,0.696390937829294,0.5226790114262982,25,30,116,27
any_brar_level_2_3_vs_1,image_tile_efficientnet_b0_meanmax,image_only,tile-based image-only baseline,3,20260608,1,0.7178649146119169,198,164,0.6818181818181818,0.7729555236728838,0.7675276752767528,0.9719626168224299,0.6341463414634146,0.9117647058823529,0.3849547299936799,0.08829741556115747,0.8298063127690101,0.9606840804334804,104,3,31,60
severe_level_3_vs_1_2,image_tile_efficientnet_b0_meanmax,image_only,tile-based image-only baseline,3,20260608,2,0.5020454206637788,198,52,0.7323232323232324,0.589436248682824,0.3614457831325301,0.4838709677419355,0.28846153846153844,0.8904109589041096,0.5456858888038556,0.05219661991892971,0.6858535300316123,0.4533303972816882,15,16,130,37
any_brar_level_2_3_vs_1,image_tile_efficientnet_b0_meanmax,image_only,tile-based image-only baseline,3,20260608,2,0.8246460391389776,198,164,0.5959595959595959,0.7211262553802009,0.6850393700787402,0.9666666666666667,0.5304878048780488,0.9117647058823529,0.3588988082261528,0.11037219199443214,0.8570659971305595,0.9659677486079302,87,3,31,77
severe_level_3_vs_1_2,image_tile_efficientnet_b0_meanmax,image_only,tile-based image-only baseline,3,20260608,3,0.36309210338132886,197,51,0.6192893401015228,0.6219446682782702,0.460431654676259,0.36363636363636365,0.6274509803921569,0.6164383561643836,0.5640139409236624,0.09565211306209391,0.6839914047810904,0.4937229781572168,32,56,90,19
any_brar_level_2_3_vs_1,image_tile_efficientnet_b0_meanmax,image_only,tile-based image-only baseline,3,20260608,3,0.8505628969671836,197,163,0.6802030456852792,0.7252796824251173,0.7725631768953068,0.9385964912280702,0.656441717791411,0.7941176470588235,0.3751395986015861,0.06041218680581413,0.7879826777336701,0.9342274049707162,107,7,27,56
severe_level_3_vs_1_2,image_tile_efficientnet_b0_meanmax,image_only,tile-based image-only baseline,3,20260608,4,0.42875049814361244,197,51,0.7258883248730964,0.6300698361536395,0.4489795918367347,0.46808510638297873,0.43137254901960786,0.8287671232876712,0.531225341869445,0.05418710951438231,0.7226698898737578,0.49745165552877546,22,25,121,29
any_brar_level_2_3_vs_1,image_tile_efficientnet_b0_meanmax,image_only,tile-based image-only baseline,3,20260608,4,0.730065823274017,197,163,0.751269035532995,0.721670876939733,0.8361204013377926,0.9191176470588235,0.7668711656441718,0.6764705882352942,0.38813339667114927,0.07740429178530758,0.7883435582822086,0.9411263091830638,125,11,23,38
severe_level_3_vs_1_2,majority_class,baseline,minimum class-prior baseline,1,20260606,0,0.26013513739864863,198,52,0.26262626262626265,0.5,0.416,0.26262626262626265,1.0,0.0,0.5758021083876891,0.002491125227614077,0.5,0.26262626262626265,52,146,0,0
any_brar_level_2_3_vs_1,majority_class,baseline,minimum class-prior baseline,1,20260606,0,0.5,198,164,0.8282828282828283,0.5,0.9060773480662984,0.8282828282828283,1.0,0.0,0.45859976724742807,0.0005801265598550653,0.5,0.8282828282828283,164,34,0,0
severe_level_3_vs_1_2,majority_class,baseline,minimum class-prior baseline,1,20260606,1,0.26013513739864863,198,52,0.26262626262626265,0.5,0.416,0.26262626262626265,1.0,0.0,0.5758021083876892,0.002491125227614077,0.5,0.26262626262626265,52,146,0,0
any_brar_level_2_3_vs_1,majority_class,baseline,minimum class-prior baseline,1,20260606,1,0.5,198,164,0.8282828282828283,0.5,0.9060773480662984,0.8282828282828283,1.0,0.0,0.4585997672474281,0.0005801265598550653,0.5,0.8282828282828283,164,34,0,0
severe_level_3_vs_1_2,majority_class,baseline,minimum class-prior baseline,1,20260606,2,0.2613827973861721,198,52,0.26262626262626265,0.5,0.416,0.26262626262626265,1.0,0.0,0.5757900202487919,0.0012434652400906132,0.5,0.26262626262626265,52,146,0,0
any_brar_level_2_3_vs_1,majority_class,baseline,minimum class-prior baseline,1,20260606,2,0.5,198,164,0.8282828282828283,0.5,0.9060773480662984,0.8282828282828283,1.0,0.0,0.45859888077150274,0.0002895765627601854,0.5,0.8282828282828283,164,34,0,0
severe_level_3_vs_1_2,majority_class,baseline,minimum class-prior baseline,1,20260606,3,0.26262626,197,51,0.25888324873096447,0.5,0.4112903225806452,0.25888324873096447,1.0,0.0,0.5719218711662615,0.0037430112690356454,0.5,0.25888324873096447,51,146,0,0
any_brar_level_2_3_vs_1,majority_class,baseline,minimum class-prior baseline,1,20260606,3,0.5,197,163,0.8274111675126904,0.5,0.9055555555555556,0.8274111675126904,1.0,0.0,0.45997014962742533,0.0008716624873097434,0.5,0.8274111675126904,163,34,0,0
severe_level_3_vs_1_2,majority_class,baseline,minimum class-prior baseline,1,20260606,4,0.2613827973861721,197,51,0.25888324873096447,0.5,0.4112903225806452,0.25888324873096447,1.0,0.0,0.5719018006079338,0.002499548655207573,0.5,0.25888324873096447,51,146,0,0
any_brar_level_2_3_vs_1,majority_class,baseline,minimum class-prior baseline,1,20260606,4,0.5,197,163,0.8274111675126904,0.5,0.9055555555555556,0.8274111675126904,1.0,0.0,0.4599686706499031,0.0005820842073777088,0.5,0.8274111675126904,163,34,0,0
severe_level_3_vs_1_2,majority_class,baseline,minimum class-prior baseline,2,20260607,0,0.26013513739864863,198,52,0.26262626262626265,0.5,0.416,0.26262626262626265,1.0,0.0,0.5758021083876891,0.002491125227614077,0.5,0.26262626262626265,52,146,0,0
any_brar_level_2_3_vs_1,majority_class,baseline,minimum class-prior baseline,2,20260607,0,0.5,198,164,0.8282828282828283,0.5,0.9060773480662984,0.8282828282828283,1.0,0.0,0.4585997672474281,0.0005801265598550653,0.5,0.8282828282828283,164,34,0,0
severe_level_3_vs_1_2,majority_class,baseline,minimum class-prior baseline,2,20260607,1,0.26013513739864863,198,52,0.26262626262626265,0.5,0.416,0.26262626262626265,1.0,0.0,0.5758021083876891,0.002491125227614077,0.5,0.26262626262626265,52,146,0,0
any_brar_level_2_3_vs_1,majority_class,baseline,minimum class-prior baseline,2,20260607,1,0.5,198,164,0.8282828282828283,0.5,0.9060773480662984,0.8282828282828283,1.0,0.0,0.45859976724742807,0.0005801265598550653,0.5,0.8282828282828283,164,34,0,0
severe_level_3_vs_1_2,majority_class,baseline,minimum class-prior baseline,2,20260607,2,0.2613827973861721,198,52,0.26262626262626265,0.5,0.416,0.26262626262626265,1.0,0.0,0.5757900202487919,0.0012434652400906132,0.5,0.26262626262626265,52,146,0,0
any_brar_level_2_3_vs_1,majority_class,baseline,minimum class-prior baseline,2,20260607,2,0.5,198,164,0.8282828282828283,0.5,0.9060773480662984,0.8282828282828283,1.0,0.0,0.4585988807715026,0.0002895765627601854,0.5,0.8282828282828283,164,34,0,0
severe_level_3_vs_1_2,majority_class,baseline,minimum class-prior baseline,2,20260607,3,0.26262626,197,51,0.25888324873096447,0.5,0.4112903225806452,0.25888324873096447,1.0,0.0,0.5719218711662615,0.0037430112690356454,0.5,0.25888324873096447,51,146,0,0
any_brar_level_2_3_vs_1,majority_class,baseline,minimum class-prior baseline,2,20260607,3,0.5,197,163,0.8274111675126904,0.5,0.9055555555555556,0.8274111675126904,1.0,0.0,0.45997014962742533,0.0008716624873097434,0.5,0.8274111675126904,163,34,0,0
severe_level_3_vs_1_2,majority_class,baseline,minimum class-prior baseline,2,20260607,4,0.2613827973861721,197,51,0.25888324873096447,0.5,0.4112903225806452,0.25888324873096447,1.0,0.0,0.5719018006079338,0.002499548655207573,0.5,0.25888324873096447,51,146,0,0
any_brar_level_2_3_vs_1,majority_class,baseline,minimum class-prior baseline,2,20260607,4,0.5,197,163,0.8274111675126904,0.5,0.9055555555555556,0.8274111675126904,1.0,0.0,0.4599686706499031,0.0005820842073777088,0.5,0.8274111675126904,163,34,0,0
severe_level_3_vs_1_2,majority_class,baseline,minimum class-prior baseline,3,20260608,0,0.26013513739864863,198,52,0.26262626262626265,0.5,0.416,0.26262626262626265,1.0,0.0,0.5758021083876891,0.002491125227614077,0.5,0.26262626262626265,52,146,0,0
any_brar_level_2_3_vs_1,majority_class,baseline,minimum class-prior baseline,3,20260608,0,0.5,198,164,0.8282828282828283,0.5,0.9060773480662984,0.8282828282828283,1.0,0.0,0.45859976724742807,0.0005801265598550653,0.5,0.8282828282828283,164,34,0,0
severe_level_3_vs_1_2,majority_class,baseline,minimum class-prior baseline,3,20260608,1,0.26013513739864863,198,52,0.26262626262626265,0.5,0.416,0.26262626262626265,1.0,0.0,0.5758021083876891,0.002491125227614077,0.5,0.26262626262626265,52,146,0,0
any_brar_level_2_3_vs_1,majority_class,baseline,minimum class-prior baseline,3,20260608,1,0.5,198,164,0.8282828282828283,0.5,0.9060773480662984,0.8282828282828283,1.0,0.0,0.45859976724742807,0.0005801265598550653,0.5,0.8282828282828283,164,34,0,0
severe_level_3_vs_1_2,majority_class,baseline,minimum class-prior baseline,3,20260608,2,0.2613827973861721,198,52,0.26262626262626265,0.5,0.416,0.26262626262626265,1.0,0.0,0.5757900202487919,0.0012434652400906132,0.5,0.26262626262626265,52,146,0,0
any_brar_level_2_3_vs_1,majority_class,baseline,minimum class-prior baseline,3,20260608,2,0.5,198,164,0.8282828282828283,0.5,0.9060773480662984,0.8282828282828283,1.0,0.0,0.45859888077150274,0.0002895765627601854,0.5,0.8282828282828283,164,34,0,0
severe_level_3_vs_1_2,majority_class,baseline,minimum class-prior baseline,3,20260608,3,0.26262626,197,51,0.25888324873096447,0.5,0.4112903225806452,0.25888324873096447,1.0,0.0,0.5719218711662615,0.0037430112690356454,0.5,0.25888324873096447,51,146,0,0
any_brar_level_2_3_vs_1,majority_class,baseline,minimum class-prior baseline,3,20260608,3,0.5,197,163,0.8274111675126904,0.5,0.9055555555555556,0.8274111675126904,1.0,0.0,0.4599701496274253,0.0008716624873097434,0.5,0.8274111675126904,163,34,0,0
severe_level_3_vs_1_2,majority_class,baseline,minimum class-prior baseline,3,20260608,4,0.2613827973861721,197,51,0.25888324873096447,0.5,0.4112903225806452,0.25888324873096447,1.0,0.0,0.5719018006079339,0.002499548655207573,0.5,0.25888324873096447,51,146,0,0
any_brar_level_2_3_vs_1,majority_class,baseline,minimum class-prior baseline,3,20260608,4,0.5,197,163,0.8274111675126904,0.5,0.9055555555555556,0.8274111675126904,1.0,0.0,0.4599686706499031,0.0005820842073777088,0.5,0.8274111675126904,163,34,0,0
